Registration #,User ID,Email,User Type,Country,Sector,Display Option,Preferred Currency,Company Name,Startup Stage,Base Price (INR),Base Price (USD),Extra Paid (INR),Extra Paid (USD),Total Referrals,Referral Code,Referral Earnings (INR),Referral Earnings (USD),INR Available,INR Pending,USD Available,USD Pending,Leaderboard Rank,Percentile,Ranking Score,Subscription Tier,Registration Timestamp,Status
1,278f0f3e-411f-4c00-99e6-1bab1dfd487d,user1@example.com,startup,Vietnam,Parking & Mobility,real_name,INR,Digital Dreams,Idea,₹999,$14.99,₹0,$0,27,REF81482,₹0.00,$0.00,₹0.00,₹0.00,$0.00,$0.00,1,0.29%,27.00,Pro Max Ultra,2025-12-07T05:27:29.790743Z,verified
2,25039bca-0a28-4ff8-a3db-c006d9d36995,morgan_2@startup.io,influencer,Armenia,Tax Planning,real_name,USD,,N/A,₹999,$14.99,₹0,$0,0,REF10851,₹199.80,$3.00,₹99.90,₹99.90,$1.50,$1.50,2,0.57%,0.00,Pro Max Ultra,2025-11-06T18:27:29.791892Z,verified
3,fdf1ae9a-b9b3-4039-be57-c641b44d9726,user3@example.com,accelerator,Hungary,Smart Home & IoT Devices,real_name,USD,,N/A,₹999,$14.99,₹0,$0,38,REF57052,₹199.80,$3.00,₹99.90,₹99.90,$1.50,$1.50,3,0.86%,38.00,Pro Max Ultra,2025-11-19T23:27:29.792030Z,pending
4,579b1fa6-0c3a-4c47-a3a7-969da9c9b060,user4@example.com,ngo,Qatar,Enterprise Software,fancy_username,INR,,N/A,₹999,$14.99,₹0,$0,0,REF91070,₹199.80,$3.00,₹99.90,₹99.90,$1.50,$1.50,4,1.14%,0.00,Advanced,2025-10-21T06:27:29.792111Z,pending
5,8c06162d-ae58-4950-8894-ce6717360ad4,user5@example.com,professional,Bahrain,Language Learning,fancy_username,INR,VirtualWorld Tech,N/A,₹999,$14.99,₹5000,$60.24,0,REF46434,₹0.00,$0.00,₹0.00,₹0.00,$0.00,$0.00,5,1.43%,5.00,Advanced,2025-12-07T14:27:29.792239Z,verified
6,d3a05dfe-d327-44c0-91af-ba30b6543c0b,user6@example.com,vc,Timor-Leste,Smart Cities,anonymous,INR,,N/A,₹999,$14.99,₹0,$0,0,REF42087,₹0.00,$0.00,₹0.00,₹0.00,$0.00,$0.00,6,1.71%,0.00,Advanced,2025-12-03T09:27:29.792365Z,pending
7,27571331-8bb2-4f6b-a3dd-ae47fd29c4d0,morgan_7@startup.io,vc,Tunisia,Tax Compliance,real_name,INR,,N/A,₹999,$14.99,₹5000,$60.24,0,REF45093,₹0.00,$0.00,₹0.00,₹0.00,$0.00,$0.00,7,2.0%,5.00,Advanced,2025-11-23T14:27:29.792486Z,verified
8,21354845-b866-4c62-a0ae-90e0e4d06c89,user8@example.com,accelerator,Ethiopia,Neurology,fancy_username,USD,,N/A,₹999,$14.99,₹0,$0,47,REF83579,₹0.00,$0.00,₹0.00,₹0.00,$0.00,$0.00,8,2.29%,47.00,Advanced,2025-12-05T19:27:29.792612Z,verified
9,4e2414b2-c41d-4c00-aa4b-e6eb1a1daa04,user9@example.com,influencer,Malta,Private Equity,real_name,INR,,N/A,₹999,$14.99,₹0,$0,0,REF24371,₹0.00,$0.00,₹0.00,₹0.00,$0.00,$0.00,9,2.57%,0.00,Advanced,2025-12-09T01:27:29.792732Z,verified
10,524a352b-808f-4b75-91e8-43abf22f6bac,user10@example.com,government,Singapore,Logistics & Supply Chain,fancy_username,USD,,N/A,₹999,$14.99,₹0,$0,0,REF42953,₹199.80,$3.00,₹99.90,₹99.90,$1.50,$1.50,10,2.86%,0.00,Advanced,2025-11-14T10:27:29.792835Z,verified
11,7de028c3-b873-444c-bb5d-4f20ccd6e6ae,user11@example.com,professional,Trinidad and Tobago,Strategy,fancy_username,USD,NewsHub Digital,N/A,₹999,$14.99,₹0,$0,0,REF69470,₹0.00,$0.00,₹0.00,₹0.00,$0.00,$0.00,11,3.14%,0.00,Advanced,2025-11-16T21:27:29.792946Z,verified
12,dfcd178b-2cdf-4c5f-943b-5b79aef0b83a,morgan_12@startup.io,mentor,Palestine,Construction & Engineering,anonymous,USD,,N/A,₹999,$14.99,₹1000,$12.05,10,REF30032,₹0.00,$0.00,₹0.00,₹0.00,$0.00,$0.00,12,3.43%,11.00,Advanced,2025-11-05T20:27:29.793428Z,verified
13,ae4f90fd-355e-4a85-bd2c-fd3721b5b856,user13@example.com,service_provider,Afghanistan,Accounting & Bookkeeping,fancy_username,INR,,N/A,₹999,$14.99,₹0,$0,0,REF41385,₹0.00,$0.00,₹0.00,₹0.00,$0.00,$0.00,13,3.71%,0.00,Advanced,2025-11-20T17:27:29.793522Z,verified
14,fdd0a0ad-476d-49db-87ec-bb02d108d03f,user14@example.com,professional,Vatican City,Orthopedics,real_name,INR,FitnessPro Digital,N/A,₹999,$14.99,₹0,$0,0,REF31643,₹0.00,$0.00,₹0.00,₹0.00,$0.00,$0.00,14,4.0%,0.00,Advanced,2025-11-13T09:27:29.793592Z,pending
15,f372161a-8eaf-437d-866f-bdc1cd3aa302,user15@example.com,service_provider,Vanuatu,Art & Design,anonymous,USD,,N/A,₹999,$14.99,₹0,$0,0,REF58944,₹0.00,$0.00,₹0.00,₹0.00,$0.00,$0.00,15,4.29%,0.00,Advanced,2025-11-01T06:27:29.793649Z,verified
16,b2110034-7733-4596-a764-eb97f002f820,user16@example.com,vc,France,Logistics & Supply Chain,fancy_username,INR,,N/A,₹999,$14.99,₹0,$0,0,REF38864,₹0.00,$0.00,₹0.00,₹0.00,$0.00,$0.00,16,4.57%,0.00,Advanced,2025-11-29T08:27:29.793704Z,verified
17,b5b6eca3-f6b2-49c7-98b7-e0a6a4cfc9e7,user17@example.com,vc,Benin,Cybersecurity,fancy_username,INR,,N/A,₹999,$14.99,₹0,$0,0,REF73624,₹0.00,$0.00,₹0.00,₹0.00,$0.00,$0.00,17,4.86%,0.00,Advanced,2025-11-26T05:27:29.793800Z,verified
18,dab01739-1679-4ec8-ad47-12bd3574a3d6,user18@example.com,influencer,Saudi Arabia,Cosmetology,real_name,USD,,N/A,₹999,$14.99,₹0,$0,0,REF96374,₹0.00,$0.00,₹0.00,₹0.00,$0.00,$0.00,18,5.14%,0.00,Advanced,2025-12-07T23:27:29.793879Z,pending
19,c7550e7b-8891-49d6-ac2c-b44e3b3a8e09,user19@example.com,startup,Togo,Energy & Utilities,real_name,USD,InvestFlow Capital,Seed,₹999,$14.99,₹5000,$60.24,34,REF42591,₹0.00,$0.00,₹0.00,₹0.00,$0.00,$0.00,19,5.43%,39.00,Advanced,2025-10-19T23:27:29.793934Z,pending
20,6cd858da-6866-48bb-b06d-062fc5215df8,casey_20@startup.io,vc,Bolivia,Laundry Services,anonymous,INR,,N/A,₹999,$14.99,₹0,$0,0,REF22224,₹199.80,$3.00,₹99.90,₹99.90,$1.50,$1.50,20,5.71%,0.00,Advanced,2025-11-10T02:27:29.793994Z,verified
21,432aea5c-d6cc-4fbe-8d86-c4a909adf8f0,casey_21@startup.io,ngo,Ethiopia,Retail Space,real_name,INR,,N/A,₹999,$14.99,₹0,$0,0,REF69638,₹0.00,$0.00,₹0.00,₹0.00,$0.00,$0.00,21,6.0%,0.00,Advanced,2025-11-19T18:27:29.794058Z,verified
22,90eb58fa-6db0-49e7-aeef-13d86005d839,user22@example.com,service_provider,Tanzania,Orthopedics,real_name,INR,,N/A,₹999,$14.99,₹0,$0,0,REF81066,₹0.00,$0.00,₹0.00,₹0.00,$0.00,$0.00,22,6.29%,0.00,Professional,2025-12-10T08:27:29.794109Z,pending
23,110cc700-a7dc-4b3d-95a4-606efadace46,morgan_23@startup.io,ngo,Palau,Interpretation,real_name,INR,,N/A,₹999,$14.99,₹0,$0,0,REF18981,₹0.00,$0.00,₹0.00,₹0.00,$0.00,$0.00,23,6.57%,0.00,Professional,2025-10-20T21:27:29.794161Z,verified
24,3cd55df1-e0b8-4385-be0c-d94b076f8c5d,user24@example.com,government,Cape Verde,Corporate Training,anonymous,INR,,N/A,₹999,$14.99,₹0,$0,0,REF86503,₹0.00,$0.00,₹0.00,₹0.00,$0.00,$0.00,24,6.86%,0.00,Professional,2025-11-17T05:27:29.794310Z,pending
25,e609528a-1a21-438c-a1d6-66ba9d63b424,user25@example.com,vc,Timor-Leste,Payment Processing,real_name,USD,,N/A,₹999,$14.99,₹0,$0,0,REF49321,₹0.00,$0.00,₹0.00,₹0.00,$0.00,$0.00,25,7.14%,0.00,Professional,2025-11-01T06:27:29.794385Z,verified
26,be31520d-239b-44a1-bd6e-879fb81d6708,morgan_26@startup.io,influencer,Burkina Faso,Real Estate & PropTech,anonymous,INR,,N/A,₹999,$14.99,₹0,$0,0,REF19016,₹199.80,$3.00,₹99.90,₹99.90,$1.50,$1.50,26,7.43%,0.00,Professional,2025-12-05T15:27:29.794440Z,pending
27,f725ec7e-6269-4983-be02-5a12a0414438,casey_27@startup.io,service_provider,Ukraine,Warehouse Management,anonymous,INR,,N/A,₹999,$14.99,₹0,$0,0,REF96951,₹0.00,$0.00,₹0.00,₹0.00,$0.00,$0.00,27,7.71%,0.00,Professional,2025-11-08T17:27:29.794503Z,verified
28,b2d7005f-e9ec-4324-81a3-33b77cfc53e2,alex_28@startup.io,service_provider,Croatia,Transportation,fancy_username,INR,,N/A,₹999,$14.99,₹0,$0,0,REF44600,₹0.00,$0.00,₹0.00,₹0.00,$0.00,$0.00,28,8.0%,0.00,Professional,2025-10-31T06:27:29.794560Z,pending
29,3f8c821c-22b0-4b2b-a78d-6dfd10f7e722,user29@example.com,startup,Brunei,Plumbing,fancy_username,INR,MarketingMax Pro,Mature,₹999,$14.99,₹0,$0,10,REF93507,₹199.80,$3.00,₹99.90,₹99.90,$1.50,$1.50,29,8.29%,10.00,Professional,2025-10-25T22:27:29.794624Z,verified
30,a5c578c1-f95c-41f9-b629-c6ab810c5893,user30@example.com,service_provider,Algeria,Legal Tech,real_name,INR,,N/A,₹999,$14.99,₹0,$0,0,REF86350,₹0.00,$0.00,₹0.00,₹0.00,$0.00,$0.00,30,8.57%,0.00,Professional,2025-10-21T15:27:29.794688Z,pending
31,7f01269f-4cf2-4ecd-9413-36f41b44fc82,jordan_31@startup.io,accelerator,Bahamas,Venture Capital,real_name,INR,,N/A,₹999,$14.99,₹0,$0,47,REF63264,₹199.80,$3.00,₹99.90,₹99.90,$1.50,$1.50,31,8.86%,47.00,Professional,2025-11-21T09:27:29.794744Z,verified
32,bfc9cf5f-407b-491a-963f-c0a29fff6785,user32@example.com,vc,Cyprus,Diagnostics,fancy_username,INR,,N/A,₹999,$14.99,₹0,$0,0,REF63964,₹199.80,$3.00,₹99.90,₹99.90,$1.50,$1.50,32,9.14%,0.00,Professional,2025-10-15T16:27:29.794806Z,verified
33,760252a7-cda9-4ac7-b7c2-8095374d3c68,user33@example.com,angel,Cuba,Construction & Engineering,fancy_username,INR,,N/A,₹999,$14.99,₹0,$0,0,REF55830,₹0.00,$0.00,₹0.00,₹0.00,$0.00,$0.00,33,9.43%,0.00,Professional,2025-12-01T12:27:29.794878Z,verified
34,29edb3f2-7c56-4d45-be99-013df8c482e0,sam_34@startup.io,government,Kenya,Ride-Sharing,real_name,USD,,N/A,₹999,$14.99,₹0,$0,0,REF99065,₹199.80,$3.00,₹99.90,₹99.90,$1.50,$1.50,34,9.71%,0.00,Professional,2025-11-11T14:27:29.794957Z,verified
35,2459b91e-1a88-4428-b12d-31f0217de397,user35@example.com,startup,Canada,Government Tech,real_name,USD,RiskGuard Systems,Pre-seed,₹999,$14.99,₹0,$0,20,REF55309,₹199.80,$3.00,₹99.90,₹99.90,$1.50,$1.50,35,10.0%,20.00,Professional,2025-11-05T13:27:29.795036Z,pending
36,c1015524-ab6d-4f33-baa7-e73b4e3e3acd,user36@example.com,vc,Guatemala,Quantum Computing,anonymous,USD,,N/A,₹999,$14.99,₹0,$0,0,REF97900,₹0.00,$0.00,₹0.00,₹0.00,$0.00,$0.00,36,10.29%,0.00,Beginner,2025-10-15T09:27:29.795107Z,pending
37,467f6412-e505-4aeb-b74a-480362d00d96,jordan_37@startup.io,influencer,Jamaica,Enterprise Software,anonymous,USD,,N/A,₹999,$14.99,₹0,$0,0,REF52753,₹0.00,$0.00,₹0.00,₹0.00,$0.00,$0.00,37,10.57%,0.00,Beginner,2025-11-01T13:27:29.795165Z,pending
38,65bbe9f3-28f0-4781-9ff7-87450be5f59e,user38@example.com,vc,Micronesia,Tour & Activity Booking,anonymous,INR,,N/A,₹999,$14.99,₹0,$0,0,REF81819,₹199.80,$3.00,₹99.90,₹99.90,$1.50,$1.50,38,10.86%,0.00,Beginner,2025-11-24T14:27:29.795295Z,pending
39,057bf8d6-3923-4af4-8f0f-b9119ee03507,casey_39@startup.io,influencer,Solomon Islands,Accounting & Bookkeeping,fancy_username,USD,,N/A,₹999,$14.99,₹0,$0,0,REF72021,₹199.80,$3.00,₹99.90,₹99.90,$1.50,$1.50,39,11.14%,0.00,Beginner,2025-11-30T10:27:29.795372Z,verified
40,bf587592-0625-46f8-8d5e-a4c9e693cdca,alex_40@startup.io,angel,Papua New Guinea,Mortgage & Lending,real_name,INR,,N/A,₹999,$14.99,₹0,$0,0,REF29313,₹0.00,$0.00,₹0.00,₹0.00,$0.00,$0.00,40,11.43%,0.00,Beginner,2025-11-29T20:27:29.795436Z,verified
41,5d0349a6-7e18-4e15-9b5e-85410d4056c0,user41@example.com,influencer,Bhutan,Elder Care,fancy_username,INR,,N/A,₹999,$14.99,₹500,$6.02,0,REF41979,₹0.00,$0.00,₹0.00,₹0.00,$0.00,$0.00,41,11.71%,0.50,Beginner,2025-11-12T14:27:29.795492Z,verified
42,d1ee9c19-1d9b-4d20-8983-5641ea5f4796,alex_42@startup.io,government,Finland,Diagnostics,anonymous,USD,,N/A,₹999,$14.99,₹0,$0,0,REF69829,₹0.00,$0.00,₹0.00,₹0.00,$0.00,$0.00,42,12.0%,0.00,Beginner,2025-11-28T23:27:29.795562Z,pending
43,5f924faa-c6b7-42b0-96d9-decbbd2e8e29,user43@example.com,service_provider,Singapore,Risk Management,fancy_username,USD,,N/A,₹999,$14.99,₹1000,$12.05,0,REF72216,₹0.00,$0.00,₹0.00,₹0.00,$0.00,$0.00,43,12.29%,1.00,Beginner,2025-11-15T21:27:29.795747Z,verified
44,3f04de4d-6e06-475b-b68c-b5dad87026d3,user44@example.com,angel,Peru,Orthopedics,anonymous,INR,,N/A,₹999,$14.99,₹0,$0,0,REF47450,₹0.00,$0.00,₹0.00,₹0.00,$0.00,$0.00,44,12.57%,0.00,Beginner,2025-12-09T04:27:29.795833Z,pending
45,7c2d0e53-2819-4064-a299-ddd807708b12,user45@example.com,service_provider,Bosnia and Herzegovina,Autonomous Vehicles,real_name,INR,,N/A,₹999,$14.99,₹0,$0,0,REF38043,₹0.00,$0.00,₹0.00,₹0.00,$0.00,$0.00,45,12.86%,0.00,Beginner,2025-12-04T04:27:29.795888Z,pending
46,bbc995e2-a5e2-4b62-8283-7eef3a3dd24a,user46@example.com,ngo,Mexico,Social Media & Content,real_name,USD,,N/A,₹999,$14.99,₹0,$0,0,REF12560,₹199.80,$3.00,₹99.90,₹99.90,$1.50,$1.50,46,13.14%,0.00,Beginner,2025-10-25T08:27:29.795940Z,verified
47,ec0712fe-4906-4c68-846c-27fe50495de6,user47@example.com,startup,Lebanon,Shipping & Freight,fancy_username,USD,TravelMate Global,Series B,₹999,$14.99,₹0,$0,31,REF89069,₹199.80,$3.00,₹99.90,₹99.90,$1.50,$1.50,47,13.43%,31.00,Beginner,2025-10-27T09:27:29.796004Z,pending
48,a7994468-3e60-460e-b84e-3ebd1146df6f,user48@example.com,government,Kuwait,Warehouse Space,anonymous,INR,,N/A,₹999,$14.99,₹0,$0,0,REF13534,₹199.80,$3.00,₹99.90,₹99.90,$1.50,$1.50,48,13.71%,0.00,Beginner,2025-11-04T09:27:29.796075Z,verified
49,26c13d5a-0231-4b4e-bcbc-c5968062ee92,user49@example.com,startup,Botswana,Electrical,real_name,USD,SmartCity Systems,Late Stage,₹999,$14.99,₹0,$0,20,REF52906,₹0.00,$0.00,₹0.00,₹0.00,$0.00,$0.00,49,14.0%,20.00,Beginner,2025-11-27T14:27:29.796138Z,pending
50,8c1fbc0f-2b2e-473e-9627-98f111e6b408,user50@example.com,government,Grenada,Food & Beverage,fancy_username,INR,,N/A,₹999,$14.99,₹0,$0,0,REF39389,₹0.00,$0.00,₹0.00,₹0.00,$0.00,$0.00,50,14.29%,0.00,Beginner,2025-10-14T15:27:29.796271Z,verified
51,c936ed08-ab7d-4e0c-9f73-420301685751,alex_51@startup.io,vc,Eritrea,Blockchain & Crypto,anonymous,INR,,N/A,₹999,$14.99,₹0,$0,0,REF24993,₹0.00,$0.00,₹0.00,₹0.00,$0.00,$0.00,51,14.57%,0.00,Beginner,2025-11-13T05:27:29.796335Z,verified
52,5f6bccf3-2f3b-4bb5-8477-ee89708c25df,user52@example.com,angel,Liechtenstein,Telemedicine,anonymous,INR,,N/A,₹999,$14.99,₹0,$0,0,REF85849,₹0.00,$0.00,₹0.00,₹0.00,$0.00,$0.00,52,14.86%,0.00,Beginner,2025-11-24T23:27:29.796391Z,pending
53,8da5b072-74fb-4cd3-a61e-917999ee1d83,user53@example.com,government,Mali,Photography,real_name,INR,,N/A,₹999,$14.99,₹0,$0,0,REF99687,₹0.00,$0.00,₹0.00,₹0.00,$0.00,$0.00,53,15.14%,0.00,Beginner,2025-10-25T17:27:29.796443Z,verified
54,d6f055c6-c7ca-42a8-a3d0-f8ab818e3ddb,user54@example.com,influencer,Bahamas,Crypto Trading,anonymous,USD,,N/A,₹999,$14.99,₹0,$0,0,REF94874,₹0.00,$0.00,₹0.00,₹0.00,$0.00,$0.00,54,15.43%,0.00,Beginner,2025-12-09T10:27:29.796493Z,pending
55,c7425777-ddb4-49db-ab58-88dc884e025a,user55@example.com,professional,Mongolia,Private Equity,anonymous,USD,WellnessHub,N/A,₹999,$14.99,₹500,$6.02,0,REF78386,₹199.80,$3.00,₹99.90,₹99.90,$1.50,$1.50,55,15.71%,0.50,Beginner,2025-12-02T03:27:29.796546Z,verified
56,cff03710-298d-4770-b412-5410dc429340,user56@example.com,service_provider,North Korea,Meditation & Wellness,fancy_username,USD,,N/A,₹999,$14.99,₹0,$0,0,REF46559,₹199.80,$3.00,₹99.90,₹99.90,$1.50,$1.50,56,16.0%,0.00,Beginner,2025-11-29T00:27:29.796620Z,verified
57,7a65a1bf-5c3e-48df-9787-8bdba9adb051,user57@example.com,influencer,Somalia,Tour & Activity Booking,fancy_username,INR,,N/A,₹999,$14.99,₹0,$0,0,REF73904,₹0.00,$0.00,₹0.00,₹0.00,$0.00,$0.00,57,16.29%,0.00,Beginner,2025-11-23T21:27:29.796696Z,pending
58,ac28dbc0-2e17-4492-9d4c-82c93ad36423,user58@example.com,influencer,Uganda,Parking & Mobility,anonymous,INR,,N/A,₹999,$14.99,₹0,$0,0,REF41635,₹199.80,$3.00,₹99.90,₹99.90,$1.50,$1.50,58,16.57%,0.00,Beginner,2025-12-02T00:27:29.796780Z,pending
59,ce400f2f-6c09-47c2-9160-0f81dfc9637c,user59@example.com,vc,Turkey,Cosmetology,anonymous,USD,,N/A,₹999,$14.99,₹0,$0,0,REF48566,₹0.00,$0.00,₹0.00,₹0.00,$0.00,$0.00,59,16.86%,0.00,Beginner,2025-12-13T00:27:29.796846Z,verified
60,b61fc2a3-83ea-4c09-bec6-9779e9941a05,morgan_60@startup.io,accelerator,Niger,Accounting,anonymous,USD,,N/A,₹999,$14.99,₹0,$0,29,REF53357,₹0.00,$0.00,₹0.00,₹0.00,$0.00,$0.00,60,17.14%,29.00,Beginner,2025-10-27T09:27:29.796900Z,pending
61,b27ae965-f3b3-4b6e-a51f-81b57fa34a3b,user61@example.com,vc,Cape Verde,Video Production,fancy_username,INR,,N/A,₹999,$14.99,₹5000,$60.24,0,REF35105,₹0.00,$0.00,₹0.00,₹0.00,$0.00,$0.00,61,17.43%,5.00,Beginner,2025-10-30T21:27:29.796955Z,pending
62,19b8ff1b-dd4e-44e0-8d56-e6dbbda3a9af,morgan_62@startup.io,service_provider,Singapore,Car Rental,real_name,INR,,N/A,₹999,$14.99,₹0,$0,0,REF49618,₹0.00,$0.00,₹0.00,₹0.00,$0.00,$0.00,62,17.71%,0.00,Beginner,2025-11-20T21:27:29.797008Z,verified
63,4cafadcc-f486-4e6f-b206-5be55405ce36,alex_63@startup.io,startup,Saint Kitts and Nevis,Bike & Scooter Sharing,anonymous,INR,CreativeStudio Pro,Mature,₹999,$14.99,₹0,$0,36,REF23446,₹199.80,$3.00,₹99.90,₹99.90,$1.50,$1.50,63,18.0%,36.00,Beginner,2025-10-26T11:27:29.797060Z,pending
64,d326e531-350e-4fd7-97d4-9f847dc4baf5,user64@example.com,mentor,Barbados,University Tech,fancy_username,INR,,N/A,₹999,$14.99,₹500,$6.02,3,REF85631,₹0.00,$0.00,₹0.00,₹0.00,$0.00,$0.00,64,18.29%,3.50,Beginner,2025-11-13T00:27:29.797124Z,verified
65,7ade8435-9b83-4a03-a026-012c72a7dd2b,morgan_65@startup.io,angel,Botswana,Corporate Training,real_name,USD,,N/A,₹999,$14.99,₹0,$0,0,REF39581,₹199.80,$3.00,₹99.90,₹99.90,$1.50,$1.50,65,18.57%,0.00,Beginner,2025-10-24T07:27:29.797234Z,pending
66,31d83468-8e64-44bc-b81d-55d824492a58,user66@example.com,ngo,Iraq,Electrical,fancy_username,INR,,N/A,₹999,$14.99,₹0,$0,0,REF37235,₹0.00,$0.00,₹0.00,₹0.00,$0.00,$0.00,66,18.86%,0.00,Beginner,2025-10-27T23:27:29.797329Z,pending
67,9e11fe34-e9d8-4411-ab45-12612ec51420,user67@example.com,mentor,Germany,Medical Devices,anonymous,INR,,N/A,₹999,$14.99,₹0,$0,2,REF87832,₹0.00,$0.00,₹0.00,₹0.00,$0.00,$0.00,67,19.14%,2.00,Beginner,2025-11-17T12:27:29.797384Z,verified
68,e83a4614-ebbb-452c-9a06-2e57644149c7,jordan_68@startup.io,ngo,Bhutan,Professional Development,fancy_username,INR,,N/A,₹999,$14.99,₹0,$0,0,REF94886,₹0.00,$0.00,₹0.00,₹0.00,$0.00,$0.00,68,19.43%,0.00,Beginner,2025-11-09T19:27:29.797439Z,pending
69,ac315828-57f0-4c5b-8a79-be24f80907cd,user69@example.com,professional,Belgium,Telemedicine,fancy_username,USD,WellnessHub,N/A,₹999,$14.99,₹0,$0,0,REF49857,₹0.00,$0.00,₹0.00,₹0.00,$0.00,$0.00,69,19.71%,0.00,Beginner,2025-11-14T04:27:29.797491Z,verified
70,9d89bd06-b0ef-4eee-b637-f36de4d6a483,user70@example.com,ngo,Bosnia and Herzegovina,IoT & Hardware,fancy_username,USD,,N/A,₹999,$14.99,₹0,$0,0,REF40005,₹199.80,$3.00,₹99.90,₹99.90,$1.50,$1.50,70,20.0%,0.00,Beginner,2025-12-13T00:27:29.797542Z,verified
71,984355ca-85ed-4cbd-bb61-0188d83aba4c,user71@example.com,startup,Togo,Smart Cities,anonymous,INR,AgriGrow Technologies,Late Stage,₹999,$14.99,₹0,$0,17,REF95394,₹0.00,$0.00,₹0.00,₹0.00,$0.00,$0.00,71,20.29%,17.00,Beginner,2025-11-13T10:27:29.797614Z,verified
72,c5ee32e8-2503-4b46-9e38-9858439dd7a4,user72@example.com,professional,Nicaragua,Currency Exchange,fancy_username,USD,FoodHub Express,N/A,₹999,$14.99,₹0,$0,0,REF53228,₹0.00,$0.00,₹0.00,₹0.00,$0.00,$0.00,72,20.57%,0.00,Beginner,2025-12-07T21:27:29.797668Z,pending
73,d4ba5c99-429e-4ee9-bcc4-23e22efa9950,user73@example.com,government,Rwanda,Data Analytics & Big Data,fancy_username,INR,,N/A,₹999,$14.99,₹0,$0,0,REF62976,₹199.80,$3.00,₹99.90,₹99.90,$1.50,$1.50,73,20.86%,0.00,Beginner,2025-11-23T23:27:29.797719Z,verified
74,f98ded60-5f0f-4604-8ffc-2b9fe247136d,user74@example.com,service_provider,Netherlands,Residential Property,real_name,INR,,N/A,₹999,$14.99,₹0,$0,0,REF91973,₹0.00,$0.00,₹0.00,₹0.00,$0.00,$0.00,74,21.14%,0.00,Beginner,2025-11-04T11:27:29.797778Z,verified
75,ab0544c6-ddd3-49b2-a2a5-f487319382a4,morgan_75@startup.io,mentor,India,Cleaning Services,anonymous,USD,,N/A,₹999,$14.99,₹0,$0,19,REF41365,₹199.80,$3.00,₹99.90,₹99.90,$1.50,$1.50,75,21.43%,19.00,Beginner,2025-11-03T07:27:29.797839Z,verified
76,a49ce5c4-6e2d-420b-b207-e86b501501e0,casey_76@startup.io,professional,France,Human Resources & Recruitment,fancy_username,INR,WellnessHub,N/A,₹999,$14.99,₹0,$0,0,REF48254,₹0.00,$0.00,₹0.00,₹0.00,$0.00,$0.00,76,21.71%,0.00,Beginner,2025-12-04T11:27:29.797902Z,pending
77,32afa864-0faf-4cf1-aa15-b089ac63ef00,user77@example.com,ngo,Ghana,Elder Care,anonymous,INR,,N/A,₹999,$14.99,₹0,$0,0,REF76616,₹199.80,$3.00,₹99.90,₹99.90,$1.50,$1.50,77,22.0%,0.00,Beginner,2025-10-16T07:27:29.797954Z,verified
78,f74511e2-eb62-4d1c-8c7a-62aaa466b0ad,user78@example.com,angel,Mexico,Stock Trading,anonymous,USD,,N/A,₹999,$14.99,₹0,$0,0,REF86931,₹0.00,$0.00,₹0.00,₹0.00,$0.00,$0.00,78,22.29%,0.00,Beginner,2025-10-28T17:27:29.798016Z,verified
79,85501682-d5ec-415e-b4ac-0916b8c9d430,user79@example.com,mentor,Myanmar,Strategy,fancy_username,USD,,N/A,₹999,$14.99,₹0,$0,20,REF59441,₹0.00,$0.00,₹0.00,₹0.00,$0.00,$0.00,79,22.57%,20.00,Beginner,2025-10-26T09:27:29.798068Z,verified
80,db65f6a3-6ffa-4666-95d9-556f4ec8c947,user80@example.com,vc,Sao Tome and Principe,Flight Booking,real_name,USD,,N/A,₹999,$14.99,₹0,$0,0,REF59968,₹0.00,$0.00,₹0.00,₹0.00,$0.00,$0.00,80,22.86%,0.00,Beginner,2025-10-27T11:27:29.798120Z,verified
81,b0810c53-baca-492a-a29d-5b68e7b86a75,user81@example.com,mentor,Oman,Data Analytics & Big Data,real_name,USD,,N/A,₹999,$14.99,₹5000,$60.24,29,REF23069,₹0.00,$0.00,₹0.00,₹0.00,$0.00,$0.00,81,23.14%,34.00,Beginner,2025-10-20T12:27:29.798172Z,verified
82,1a892edb-a3e9-4c07-867f-7d671807dddd,user82@example.com,government,Taiwan,Smart Home & IoT Devices,real_name,USD,,N/A,₹999,$14.99,₹0,$0,0,REF62098,₹0.00,$0.00,₹0.00,₹0.00,$0.00,$0.00,82,23.43%,0.00,Beginner,2025-11-22T07:27:29.798302Z,pending
83,8c68b237-6c3c-47cb-91f6-d35764dd1626,user83@example.com,service_provider,Madagascar,Risk Management,anonymous,USD,,N/A,₹999,$14.99,₹0,$0,0,REF40771,₹0.00,$0.00,₹0.00,₹0.00,$0.00,$0.00,83,23.71%,0.00,Beginner,2025-11-05T00:27:29.798371Z,pending
84,0fae1709-3e88-4151-8976-2b7b4b5a2ef3,user84@example.com,professional,Montenegro,Energy & Utilities,anonymous,INR,CloudSoft Solutions,N/A,₹999,$14.99,₹0,$0,0,REF13794,₹0.00,$0.00,₹0.00,₹0.00,$0.00,$0.00,84,24.0%,0.00,Beginner,2025-10-30T17:27:29.798424Z,pending
85,9cdfaba7-1d23-45ef-a9fc-379f5b79ed5b,user85@example.com,government,Congo,Skill Development Platforms,anonymous,USD,,N/A,₹999,$14.99,₹0,$0,0,REF32280,₹0.00,$0.00,₹0.00,₹0.00,$0.00,$0.00,85,24.29%,0.00,Beginner,2025-10-24T21:27:29.798475Z,verified
86,b7a628ad-51be-40ac-bf34-677ca6737853,user86@example.com,influencer,Trinidad and Tobago,Online Coaching,fancy_username,INR,,N/A,₹999,$14.99,₹0,$0,0,REF70236,₹0.00,$0.00,₹0.00,₹0.00,$0.00,$0.00,86,24.57%,0.00,Beginner,2025-11-03T18:27:29.798523Z,verified
87,3558b8a5-42ac-455b-98c2-d21838156de7,user87@example.com,ngo,India,Financial Consulting,real_name,INR,,N/A,₹999,$14.99,₹0,$0,0,REF49210,₹0.00,$0.00,₹0.00,₹0.00,$0.00,$0.00,87,24.86%,0.00,Beginner,2025-11-21T08:27:29.798581Z,pending
88,9d561052-c6e4-4597-ad2b-5abb2b806774,user88@example.com,ngo,Ireland,Photography,fancy_username,USD,,N/A,₹999,$14.99,₹0,$0,0,REF57049,₹0.00,$0.00,₹0.00,₹0.00,$0.00,$0.00,88,25.14%,0.00,Beginner,2025-11-19T08:27:29.798632Z,verified
89,d90f12c5-7e74-4f8b-8fcf-877413a6e54b,casey_89@startup.io,angel,Algeria,Other,anonymous,INR,,N/A,₹999,$14.99,₹2000,$24.10,0,REF40162,₹0.00,$0.00,₹0.00,₹0.00,$0.00,$0.00,89,25.43%,2.00,Beginner,2025-11-12T17:27:29.798685Z,pending
90,984e7fd2-f3dd-4742-be9f-f45461c36687,sam_90@startup.io,influencer,Grenada,Autonomous Vehicles,anonymous,INR,,N/A,₹999,$14.99,₹2000,$24.10,0,REF67779,₹0.00,$0.00,₹0.00,₹0.00,$0.00,$0.00,90,25.71%,2.00,Beginner,2025-12-11T17:27:29.798740Z,pending
91,fd64a0ad-c4ba-4a09-a961-82cf486edaae,user91@example.com,professional,Iran,Tax Compliance,anonymous,USD,WellnessHub,N/A,₹999,$14.99,₹0,$0,0,REF57953,₹0.00,$0.00,₹0.00,₹0.00,$0.00,$0.00,91,26.0%,0.00,Beginner,2025-12-05T09:27:29.798803Z,verified
92,05f6c515-4404-4467-9e6d-ba4641aa3791,casey_92@startup.io,angel,Zambia,Investment Management,real_name,USD,,N/A,₹999,$14.99,₹0,$0,0,REF98647,₹199.80,$3.00,₹99.90,₹99.90,$1.50,$1.50,92,26.29%,0.00,Beginner,2025-10-26T19:27:29.798859Z,pending
93,0e689699-c19b-4a63-b6dd-d4856887606c,user93@example.com,service_provider,Libya,Telecommunications,fancy_username,INR,,N/A,₹999,$14.99,₹0,$0,0,REF58311,₹0.00,$0.00,₹0.00,₹0.00,$0.00,$0.00,93,26.57%,0.00,Beginner,2025-12-06T12:27:29.798917Z,verified
94,206a32ca-7bba-46fa-a76e-796a92a36b07,casey_94@startup.io,accelerator,Cambodia,Professional Development,fancy_username,INR,,N/A,₹999,$14.99,₹0,$0,14,REF52992,₹199.80,$3.00,₹99.90,₹99.90,$1.50,$1.50,94,26.86%,14.00,Beginner,2025-10-14T09:27:29.798971Z,verified
95,f3f3300f-dc44-49f2-a2d5-513e5c37ac06,casey_95@startup.io,angel,Syria,Industrial Property,real_name,INR,,N/A,₹999,$14.99,₹0,$0,0,REF74569,₹0.00,$0.00,₹0.00,₹0.00,$0.00,$0.00,95,27.14%,0.00,Beginner,2025-12-11T17:27:29.799034Z,verified
96,77915a0c-4b7d-4c2a-9297-e77650f4ddf3,user96@example.com,mentor,Malaysia,Elder Care,fancy_username,USD,,N/A,₹999,$14.99,₹0,$0,31,REF64379,₹0.00,$0.00,₹0.00,₹0.00,$0.00,$0.00,96,27.43%,31.00,Beginner,2025-10-28T22:27:29.799084Z,verified
97,a42a31b4-42ab-416e-bf7d-4b9f5871ecb9,user97@example.com,angel,Austria,Hotel Booking,real_name,USD,,N/A,₹999,$14.99,₹0,$0,0,REF23022,₹199.80,$3.00,₹99.90,₹99.90,$1.50,$1.50,97,27.71%,0.00,Beginner,2025-11-28T15:27:29.799135Z,pending
98,d6eb2282-e200-4ba7-ae5b-dae4f3f3327b,user98@example.com,accelerator,Belgium,Office Space,fancy_username,INR,,N/A,₹999,$14.99,₹5000,$60.24,41,REF22015,₹0.00,$0.00,₹0.00,₹0.00,$0.00,$0.00,98,28.0%,46.00,Beginner,2025-10-22T12:27:29.799250Z,verified
99,4f871c79-e9b5-4dcd-9122-f093a047dd5c,user99@example.com,startup,Bangladesh,Mortgage & Lending,real_name,INR,SmartCity Systems,Seed,₹999,$14.99,₹0,$0,14,REF37152,₹0.00,$0.00,₹0.00,₹0.00,$0.00,$0.00,99,28.29%,14.00,Beginner,2025-12-09T09:27:29.799317Z,verified
100,05131e2c-d26b-4ee4-ba91-e3c35f5a99c2,sam_100@startup.io,mentor,Romania,University Tech,real_name,INR,,N/A,₹999,$14.99,₹0,$0,50,REF11947,₹0.00,$0.00,₹0.00,₹0.00,$0.00,$0.00,100,28.57%,50.00,Beginner,2025-12-12T22:27:29.799386Z,verified
101,b6f2510a-4bcd-41d4-8b8d-d619b2d60091,user101@example.com,startup,Djibouti,Public Administration,real_name,INR,VirtualWorld Tech,Pre-seed,₹1999,$29.99,₹1000,$12.05,49,REF18330,₹0.00,$0.00,₹0.00,₹0.00,$0.00,$0.00,101,28.86%,50.00,Beginner,2025-12-06T03:27:29.799440Z,pending
102,e35cdf9a-e60b-4ddb-8ac8-be24cfd726cc,user102@example.com,influencer,Bahrain,Language Services,fancy_username,USD,,N/A,₹1999,$29.99,₹0,$0,0,REF72781,₹399.80,$6.00,₹199.90,₹199.90,$3.00,$3.00,102,29.14%,0.00,Beginner,2025-12-13T01:27:29.799496Z,pending
103,91e13f99-9f2e-4a57-a148-2e07ac3205e6,user103@example.com,ngo,United Kingdom,Laundry Services,real_name,INR,,N/A,₹1999,$29.99,₹0,$0,0,REF26540,₹0.00,$0.00,₹0.00,₹0.00,$0.00,$0.00,103,29.43%,0.00,Beginner,2025-12-05T00:27:29.799554Z,verified
104,0d528a54-c867-4a0c-aede-a24d8a7ab924,user104@example.com,accelerator,Madagascar,Interpretation,fancy_username,USD,,N/A,₹1999,$29.99,₹0,$0,41,REF24996,₹399.80,$6.00,₹199.90,₹199.90,$3.00,$3.00,104,29.71%,41.00,Beginner,2025-11-16T23:27:29.799617Z,verified
105,b4cd177d-f6d7-49c9-b903-e3bd4f1be25d,user105@example.com,vc,Mongolia,Childcare,real_name,USD,,N/A,₹1999,$29.99,₹0,$0,0,REF64524,₹399.80,$6.00,₹199.90,₹199.90,$3.00,$3.00,105,30.0%,0.00,Beginner,2025-11-14T14:27:29.799792Z,pending
106,8c59d3c4-1b94-4557-b739-388fc53928b2,user106@example.com,angel,Lithuania,Smart Home & IoT Devices,anonymous,USD,,N/A,₹1999,$29.99,₹0,$0,0,REF22219,₹0.00,$0.00,₹0.00,₹0.00,$0.00,$0.00,106,30.29%,0.00,Beginner,2025-10-22T00:27:29.799857Z,verified
107,e8ed9964-633c-4225-9ae7-d993d381dd4d,user107@example.com,mentor,Saint Lucia,Social Media & Content,anonymous,USD,,N/A,₹1999,$29.99,₹0,$0,27,REF97207,₹399.80,$6.00,₹199.90,₹199.90,$3.00,$3.00,107,30.57%,27.00,Beginner,2025-11-17T15:27:29.799908Z,verified
108,46346f0f-002c-4fa5-a6dd-86e3d689ef68,jordan_108@startup.io,influencer,Italy,Crowdfunding,real_name,INR,,N/A,₹1999,$29.99,₹0,$0,0,REF24184,₹0.00,$0.00,₹0.00,₹0.00,$0.00,$0.00,108,30.86%,0.00,Beginner,2025-11-13T19:27:29.799989Z,verified
109,635c559c-facb-44c2-94a2-b2a51fd45cfd,user109@example.com,angel,Sao Tome and Principe,Digital Marketing,fancy_username,INR,,N/A,₹1999,$29.99,₹0,$0,0,REF45054,₹0.00,$0.00,₹0.00,₹0.00,$0.00,$0.00,109,31.14%,0.00,Beginner,2025-11-01T04:27:29.800068Z,pending
110,0266e36c-943f-4945-b9f5-598e65c28f00,user110@example.com,angel,Kuwait,Currency Exchange,real_name,INR,,N/A,₹1999,$29.99,₹1000,$12.05,0,REF19120,₹0.00,$0.00,₹0.00,₹0.00,$0.00,$0.00,110,31.43%,1.00,Beginner,2025-11-01T14:27:29.800152Z,verified
111,8315484a-6c6d-42ed-acb8-2ad17f724300,user111@example.com,professional,Zambia,Interpretation,real_name,USD,GreenEnergy Solutions,N/A,₹1999,$29.99,₹0,$0,0,REF58503,₹0.00,$0.00,₹0.00,₹0.00,$0.00,$0.00,111,31.71%,0.00,Beginner,2025-11-22T21:27:29.800285Z,verified
112,386f8303-bad4-48f3-8128-750537b6eeaf,user112@example.com,startup,Croatia,Fitness & Wellness,anonymous,INR,InvestFlow Capital,Late Stage,₹1999,$29.99,₹0,$0,38,REF96761,₹0.00,$0.00,₹0.00,₹0.00,$0.00,$0.00,112,32.0%,38.00,Beginner,2025-11-26T12:27:29.800343Z,pending
113,7cae71cd-c757-4827-b93e-96402de30b2d,morgan_113@startup.io,professional,Laos,Carpentry,real_name,USD,Digital Dreams,N/A,₹1999,$29.99,₹0,$0,0,REF79066,₹0.00,$0.00,₹0.00,₹0.00,$0.00,$0.00,113,32.29%,0.00,Beginner,2025-11-06T11:27:29.800407Z,verified
114,ce99c70b-0026-4e88-bcbe-38abe8235ec4,user114@example.com,influencer,Belarus,Fintech & Financial Services,real_name,USD,,N/A,₹1999,$29.99,₹5000,$60.24,0,REF47938,₹0.00,$0.00,₹0.00,₹0.00,$0.00,$0.00,114,32.57%,5.00,Beginner,2025-12-05T18:27:29.800460Z,verified
115,dc9c3eda-2a64-4003-a57b-01bc06be3c61,user115@example.com,government,Djibouti,Cybersecurity,fancy_username,INR,,N/A,₹1999,$29.99,₹0,$0,0,REF56421,₹0.00,$0.00,₹0.00,₹0.00,$0.00,$0.00,115,32.86%,0.00,Beginner,2025-10-21T05:27:29.800513Z,verified
116,2515852f-c7e9-4e60-a671-bf90a36fa1c8,alex_116@startup.io,ngo,Bolivia,Payment Processing,anonymous,USD,,N/A,₹1999,$29.99,₹0,$0,0,REF64747,₹0.00,$0.00,₹0.00,₹0.00,$0.00,$0.00,116,33.14%,0.00,Beginner,2025-10-29T06:27:29.800582Z,pending
117,73a62f0b-2b71-4ba4-8710-e3e1c0df3bca,jordan_117@startup.io,mentor,South Korea,Fitness Classes,anonymous,USD,,N/A,₹1999,$29.99,₹0,$0,25,REF41891,₹0.00,$0.00,₹0.00,₹0.00,$0.00,$0.00,117,33.43%,25.00,Beginner,2025-10-20T23:27:29.800636Z,verified
118,32b2fe0f-5084-4240-8097-2a4666c9a329,jordan_118@startup.io,accelerator,Finland,Mortgage & Lending,real_name,INR,,N/A,₹1999,$29.99,₹0,$0,49,REF76840,₹0.00,$0.00,₹0.00,₹0.00,$0.00,$0.00,118,33.71%,49.00,Beginner,2025-12-06T10:27:29.800719Z,pending
119,bb242478-e492-4d25-aecd-1b148a9133c8,user119@example.com,mentor,Georgia,Manufacturing,real_name,USD,,N/A,₹1999,$29.99,₹0,$0,49,REF95918,₹0.00,$0.00,₹0.00,₹0.00,$0.00,$0.00,119,34.0%,49.00,Beginner,2025-11-05T22:27:29.800782Z,verified
120,c5573a82-2a76-4921-b59d-5b3caa2a7d9d,user120@example.com,influencer,Senegal,Pet Services,anonymous,USD,,N/A,₹1999,$29.99,₹2000,$24.10,0,REF67640,₹0.00,$0.00,₹0.00,₹0.00,$0.00,$0.00,120,34.29%,2.00,Beginner,2025-11-23T22:27:29.800836Z,pending
121,536577ae-26c9-446c-90c5-4e133918c7f7,user121@example.com,angel,Sierra Leone,Gaming & Metaverse,fancy_username,INR,,N/A,₹1999,$29.99,₹0,$0,0,REF17456,₹0.00,$0.00,₹0.00,₹0.00,$0.00,$0.00,121,34.57%,0.00,Beginner,2025-11-16T01:27:29.800888Z,pending
122,b35a6842-09f4-4948-a9f4-d70dda7604e0,alex_122@startup.io,influencer,Singapore,Oncology,fancy_username,USD,,N/A,₹1999,$29.99,₹0,$0,0,REF15376,₹0.00,$0.00,₹0.00,₹0.00,$0.00,$0.00,122,34.86%,0.00,Beginner,2025-10-24T03:27:29.800941Z,verified
123,db7c0493-c657-479c-83a2-03ba482f9672,user123@example.com,accelerator,Slovenia,Cosmetology,anonymous,INR,,N/A,₹1999,$29.99,₹500,$6.02,11,REF21053,₹0.00,$0.00,₹0.00,₹0.00,$0.00,$0.00,123,35.14%,11.50,Beginner,2025-12-07T16:27:29.801012Z,verified
124,4f58e436-e0e6-4597-a8c0-b4c5a96ddcc1,casey_124@startup.io,ngo,Philippines,Language Services,anonymous,INR,,N/A,₹1999,$29.99,₹0,$0,0,REF60779,₹0.00,$0.00,₹0.00,₹0.00,$0.00,$0.00,124,35.43%,0.00,Beginner,2025-10-16T17:27:29.801085Z,pending
125,b0038cdc-2c02-4244-8b9d-b7a99fe8433c,user125@example.com,startup,Sri Lanka,Mortgage & Lending,real_name,USD,FitnessPro Digital,Seed,₹1999,$29.99,₹0,$0,42,REF47243,₹0.00,$0.00,₹0.00,₹0.00,$0.00,$0.00,125,35.71%,42.00,Beginner,2025-10-31T14:27:29.801137Z,pending
126,b5c53a66-df35-4b33-a956-3a421a2af73d,sam_126@startup.io,accelerator,Italy,Alternative Accommodations,real_name,INR,,N/A,₹1999,$29.99,₹0,$0,42,REF53054,₹399.80,$6.00,₹199.90,₹199.90,$3.00,$3.00,126,36.0%,42.00,Beginner,2025-11-19T06:27:29.801248Z,verified
127,f266e9d9-f2fe-4749-8074-90c37ebf7637,user127@example.com,service_provider,Brunei,Plumbing,anonymous,USD,,N/A,₹1999,$29.99,₹0,$0,0,REF38074,₹0.00,$0.00,₹0.00,₹0.00,$0.00,$0.00,127,36.29%,0.00,Beginner,2025-11-24T21:27:29.801324Z,pending
128,d5548266-40da-4133-a5e6-d94f4f75cdde,sam_128@startup.io,mentor,Bolivia,Public Transport Tech,real_name,INR,,N/A,₹1999,$29.99,₹0,$0,9,REF27176,₹0.00,$0.00,₹0.00,₹0.00,$0.00,$0.00,128,36.57%,9.00,Beginner,2025-10-18T07:27:29.801378Z,verified
129,e62d1548-e9a6-450b-a620-99e1656c8a0c,morgan_129@startup.io,mentor,Uruguay,Cleaning Services,real_name,USD,,N/A,₹1999,$29.99,₹0,$0,48,REF68222,₹0.00,$0.00,₹0.00,₹0.00,$0.00,$0.00,129,36.86%,48.00,Beginner,2025-10-28T19:27:29.801428Z,verified
130,cff51bde-be4a-484c-8f49-452791f94865,user130@example.com,vc,Portugal,Online Coaching,fancy_username,USD,,N/A,₹1999,$29.99,₹0,$0,0,REF84766,₹399.80,$6.00,₹199.90,₹199.90,$3.00,$3.00,130,37.14%,0.00,Beginner,2025-11-20T05:27:29.801491Z,pending
131,19766947-6b39-4a22-83da-f7de2691b244,user131@example.com,government,Palau,Interpretation,fancy_username,INR,,N/A,₹1999,$29.99,₹5000,$60.24,0,REF42768,₹0.00,$0.00,₹0.00,₹0.00,$0.00,$0.00,131,37.43%,5.00,Beginner,2025-11-05T22:27:29.801551Z,pending
132,82e901b1-f008-4c74-af52-d1031d0eb714,user132@example.com,service_provider,Burundi,Physical Therapy,real_name,USD,,N/A,₹1999,$29.99,₹0,$0,0,REF68893,₹399.80,$6.00,₹199.90,₹199.90,$3.00,$3.00,132,37.71%,0.00,Beginner,2025-12-03T18:27:29.801612Z,verified
133,31a2a4e7-4f7c-4c02-897d-41288112f27b,user133@example.com,professional,Finland,Childcare,fancy_username,INR,SecureNet Systems,N/A,₹1999,$29.99,₹0,$0,0,REF59015,₹0.00,$0.00,₹0.00,₹0.00,$0.00,$0.00,133,38.0%,0.00,Beginner,2025-11-18T10:27:29.801679Z,pending
134,20a7048b-8da9-4e0c-8d49-cc78368f1635,jordan_134@startup.io,professional,United Kingdom,Mortgage & Lending,real_name,INR,FarmTech Innovations,N/A,₹1999,$29.99,₹0,$0,0,REF28191,₹399.80,$6.00,₹199.90,₹199.90,$3.00,$3.00,134,38.29%,0.00,Beginner,2025-10-16T11:27:29.801741Z,pending
135,2928aa08-1219-4229-ae52-30998785ef11,user135@example.com,professional,Angola,Research & Development,real_name,INR,CareerLift Platform,N/A,₹1999,$29.99,₹0,$0,0,REF79176,₹0.00,$0.00,₹0.00,₹0.00,$0.00,$0.00,135,38.57%,0.00,Beginner,2025-10-28T07:27:29.801801Z,pending
136,0f1c0e49-867d-4e0b-b71f-bfd9f491bb8e,alex_136@startup.io,startup,Germany,Home Services,anonymous,USD,FashionFlow Digital,Series A,₹1999,$29.99,₹0,$0,40,REF88215,₹0.00,$0.00,₹0.00,₹0.00,$0.00,$0.00,136,38.86%,40.00,Beginner,2025-10-21T11:27:29.801853Z,verified
137,8923e61d-77c7-46fd-9ca1-6970a6f63a02,casey_137@startup.io,startup,South Africa,Crowdfunding,real_name,USD,GroceryEase Online,Idea,₹1999,$29.99,₹0,$0,4,REF78614,₹399.80,$6.00,₹199.90,₹199.90,$3.00,$3.00,137,39.14%,4.00,Beginner,2025-11-02T00:27:29.801908Z,pending
138,b5f4e8af-fd80-4079-879b-1c6ddd79bc93,user138@example.com,startup,Sudan,Car Booking,fancy_username,USD,PhotoPerfect Studio,Pre-seed,₹1999,$29.99,₹0,$0,42,REF55193,₹0.00,$0.00,₹0.00,₹0.00,$0.00,$0.00,138,39.43%,42.00,Beginner,2025-10-25T00:27:29.801974Z,verified
139,fa6cf97d-454c-44fc-8187-0c8b49a1db07,user139@example.com,accelerator,China,Quantum Computing,fancy_username,USD,,N/A,₹1999,$29.99,₹0,$0,30,REF70899,₹399.80,$6.00,₹199.90,₹199.90,$3.00,$3.00,139,39.71%,30.00,Beginner,2025-10-21T05:27:29.802027Z,verified
140,70676281-cccc-411e-86b4-e232152a5641,sam_140@startup.io,professional,United States,Fitness Classes,real_name,USD,ContentFlow Media,N/A,₹1999,$29.99,₹0,$0,0,REF15492,₹0.00,$0.00,₹0.00,₹0.00,$0.00,$0.00,140,40.0%,0.00,Beginner,2025-10-24T20:27:29.802087Z,verified
141,3ed9772c-a7de-4b52-9807-4ea1d93cf6b8,user141@example.com,service_provider,Niger,University Tech,real_name,INR,,N/A,₹1999,$29.99,₹0,$0,0,REF95948,₹0.00,$0.00,₹0.00,₹0.00,$0.00,$0.00,141,40.29%,0.00,Beginner,2025-10-20T01:27:29.802144Z,verified
142,4f4176a0-eec8-4519-af4b-0d5804491b85,user142@example.com,government,Malta,Cleaning Services,fancy_username,USD,,N/A,₹1999,$29.99,₹500,$6.02,0,REF58148,₹399.80,$6.00,₹199.90,₹199.90,$3.00,$3.00,142,40.57%,0.50,Beginner,2025-10-30T11:27:29.802256Z,verified
143,63c5c171-d9ea-430b-968b-e1a537a7d47e,alex_143@startup.io,government,Bosnia and Herzegovina,Carpentry,anonymous,INR,,N/A,₹1999,$29.99,₹0,$0,0,REF20494,₹0.00,$0.00,₹0.00,₹0.00,$0.00,$0.00,143,40.86%,0.00,Beginner,2025-11-23T23:27:29.802330Z,pending
144,a0c72667-561e-4aaf-ab84-2dd1d1a32e60,user144@example.com,influencer,United States,Electrical,real_name,USD,,N/A,₹1999,$29.99,₹0,$0,0,REF56210,₹0.00,$0.00,₹0.00,₹0.00,$0.00,$0.00,144,41.14%,0.00,Beginner,2025-12-11T03:27:29.802381Z,pending
145,795bbadd-a74b-4896-81ca-7d6fdf921508,alex_145@startup.io,professional,Timor-Leste,Warehouse Space,fancy_username,INR,Digital Dreams,N/A,₹1999,$29.99,₹0,$0,0,REF98878,₹399.80,$6.00,₹199.90,₹199.90,$3.00,$3.00,145,41.43%,0.00,Beginner,2025-10-20T07:27:29.802434Z,verified
146,f75c38fa-a2a0-4aa6-9a05-b2c8bb6a0fb6,jordan_146@startup.io,accelerator,Malawi,Cybersecurity,anonymous,INR,,N/A,₹1999,$29.99,₹0,$0,4,REF58760,₹0.00,$0.00,₹0.00,₹0.00,$0.00,$0.00,146,41.71%,4.00,Beginner,2025-10-14T15:27:29.802494Z,verified
147,4c74c295-3fb2-4b30-8969-95c402b09283,jordan_147@startup.io,government,Jamaica,Ride-Sharing,real_name,INR,,N/A,₹1999,$29.99,₹0,$0,0,REF77861,₹0.00,$0.00,₹0.00,₹0.00,$0.00,$0.00,147,42.0%,0.00,Beginner,2025-12-02T11:27:29.802548Z,verified
148,d4c63598-3fcb-4526-ab32-c15f2a53a98e,jordan_148@startup.io,ngo,Ethiopia,Fleet Management,anonymous,USD,,N/A,₹1999,$29.99,₹0,$0,0,REF69250,₹0.00,$0.00,₹0.00,₹0.00,$0.00,$0.00,148,42.29%,0.00,Beginner,2025-12-06T00:27:29.802621Z,verified
149,04af01f1-a34f-4da4-a4b4-b673a72890e4,user149@example.com,professional,Trinidad and Tobago,Risk Management,anonymous,USD,StreamVerse Entertainment,N/A,₹1999,$29.99,₹1000,$12.05,0,REF49315,₹399.80,$6.00,₹199.90,₹199.90,$3.00,$3.00,149,42.57%,1.00,Beginner,2025-11-09T17:27:29.802674Z,verified
150,4ad43a32-cf81-4bd5-a0f2-5f64ff6cf842,user150@example.com,mentor,Liberia,Pediatrics,real_name,INR,,N/A,₹1999,$29.99,₹5000,$60.24,35,REF74752,₹0.00,$0.00,₹0.00,₹0.00,$0.00,$0.00,150,42.86%,40.00,Beginner,2025-12-05T19:27:29.802752Z,verified
151,1dcfce7c-5ae7-45cb-b519-145657ebb776,user151@example.com,service_provider,Chile,Retail & Consumer Goods,real_name,USD,,N/A,₹1999,$29.99,₹0,$0,0,REF72739,₹0.00,$0.00,₹0.00,₹0.00,$0.00,$0.00,151,43.14%,0.00,Beginner,2025-10-29T03:27:29.802815Z,pending
152,f3a9f569-4836-45f0-a55d-db53b9926a98,user152@example.com,professional,Chad,Risk Management,anonymous,INR,CareerLift Platform,N/A,₹1999,$29.99,₹0,$0,0,REF55156,₹0.00,$0.00,₹0.00,₹0.00,$0.00,$0.00,152,43.43%,0.00,Beginner,2025-10-31T10:27:29.802865Z,verified
153,920717b4-b3d6-4309-871e-b995ad403cd1,user153@example.com,mentor,Chile,Carpentry,anonymous,INR,,N/A,₹1999,$29.99,₹1000,$12.05,45,REF31581,₹0.00,$0.00,₹0.00,₹0.00,$0.00,$0.00,153,43.71%,46.00,Beginner,2025-12-04T17:27:29.802920Z,verified
154,9988c655-0da1-48ef-9511-4e3f0f243be9,user154@example.com,service_provider,Iceland,Food & Beverage,fancy_username,INR,,N/A,₹1999,$29.99,₹0,$0,0,REF26406,₹0.00,$0.00,₹0.00,₹0.00,$0.00,$0.00,154,44.0%,0.00,Beginner,2025-11-08T18:27:29.802972Z,verified
155,38b90b73-36ca-4b87-9ff9-0cf4c4b4fd47,user155@example.com,service_provider,Sweden,Pharmaceuticals,anonymous,INR,,N/A,₹1999,$29.99,₹0,$0,0,REF89316,₹0.00,$0.00,₹0.00,₹0.00,$0.00,$0.00,155,44.29%,0.00,Beginner,2025-11-04T03:27:29.803027Z,verified
156,b34b6a09-84ff-40ac-bc5d-7a1dbed73ef6,alex_156@startup.io,professional,Bahrain,Public Administration,anonymous,INR,PhotoPerfect Studio,N/A,₹1999,$29.99,₹500,$6.02,0,REF13969,₹0.00,$0.00,₹0.00,₹0.00,$0.00,$0.00,156,44.57%,0.50,Beginner,2025-11-04T06:27:29.803080Z,verified
157,190958e7-2f76-4147-b768-6e45038977dd,jordan_157@startup.io,ngo,Ghana,Warehouse Space,fancy_username,USD,,N/A,₹1999,$29.99,₹0,$0,0,REF67619,₹0.00,$0.00,₹0.00,₹0.00,$0.00,$0.00,157,44.86%,0.00,Beginner,2025-12-10T21:27:29.803161Z,pending
158,d4fada58-a933-4747-a9e7-36de744e0464,morgan_158@startup.io,mentor,Jamaica,Risk Management,anonymous,USD,,N/A,₹1999,$29.99,₹0,$0,20,REF77499,₹0.00,$0.00,₹0.00,₹0.00,$0.00,$0.00,158,45.14%,20.00,Beginner,2025-10-26T15:27:29.803290Z,verified
159,ff19e459-ea72-4ca8-adb4-727322b4eaac,user159@example.com,angel,Namibia,Corporate Training,real_name,INR,,N/A,₹1999,$29.99,₹0,$0,0,REF90658,₹0.00,$0.00,₹0.00,₹0.00,$0.00,$0.00,159,45.43%,0.00,Beginner,2025-10-14T14:27:29.803350Z,verified
160,99aacd06-7f5f-420d-996b-d20879267ce6,user160@example.com,influencer,Uruguay,Payment Processing,real_name,INR,,N/A,₹1999,$29.99,₹0,$0,0,REF75373,₹399.80,$6.00,₹199.90,₹199.90,$3.00,$3.00,160,45.71%,0.00,Beginner,2025-11-11T12:27:29.803402Z,pending
161,406c82ef-6692-47af-9038-0e62a3704fb4,casey_161@startup.io,service_provider,Nepal,Online Coaching,real_name,USD,,N/A,₹1999,$29.99,₹0,$0,0,REF88317,₹399.80,$6.00,₹199.90,₹199.90,$3.00,$3.00,161,46.0%,0.00,Beginner,2025-11-25T11:27:29.803461Z,verified
162,41e2adc9-7202-474f-b8c6-14e70ed6bb74,user162@example.com,angel,Qatar,Healthcare & Biotech,real_name,USD,,N/A,₹1999,$29.99,₹0,$0,0,REF57943,₹399.80,$6.00,₹199.90,₹199.90,$3.00,$3.00,162,46.29%,0.00,Beginner,2025-11-27T03:27:29.803518Z,pending
163,a9c5a791-f895-4052-960d-a8247e68f452,alex_163@startup.io,influencer,Saint Vincent and the Grenadines,Video Production,fancy_username,USD,,N/A,₹1999,$29.99,₹0,$0,0,REF82070,₹0.00,$0.00,₹0.00,₹0.00,$0.00,$0.00,163,46.57%,0.00,Beginner,2025-11-11T12:27:29.803586Z,verified
164,94e0696b-86ba-4518-81de-aa85c4a45dda,user164@example.com,professional,Chad,Media & Broadcasting,fancy_username,USD,FashionFlow Digital,N/A,₹1999,$29.99,₹0,$0,0,REF28909,₹0.00,$0.00,₹0.00,₹0.00,$0.00,$0.00,164,46.86%,0.00,Beginner,2025-11-08T15:27:29.803759Z,pending
165,7e8244ae-ee99-4699-9a19-a55c77ee73e3,user165@example.com,startup,Azerbaijan,Autonomous Vehicles,anonymous,USD,GreenEnergy Solutions,Growth,₹1999,$29.99,₹1000,$12.05,8,REF89463,₹399.80,$6.00,₹199.90,₹199.90,$3.00,$3.00,165,47.14%,9.00,Beginner,2025-11-14T22:27:29.803851Z,verified
166,7d68b8dc-13c4-4245-ac69-518ed1a9c366,user166@example.com,influencer,Vietnam,Shipping & Freight,anonymous,USD,,N/A,₹1999,$29.99,₹0,$0,0,REF74205,₹399.80,$6.00,₹199.90,₹199.90,$3.00,$3.00,166,47.43%,0.00,Beginner,2025-11-11T09:27:29.803929Z,pending
167,d3e566c9-f5e6-4737-ae15-c4749926227b,user167@example.com,startup,Liechtenstein,Insurance,anonymous,INR,CareFlex Services,Series A,₹1999,$29.99,₹1000,$12.05,30,REF92478,₹0.00,$0.00,₹0.00,₹0.00,$0.00,$0.00,167,47.71%,31.00,Beginner,2025-11-24T03:27:29.803990Z,verified
168,03c3d6e6-605c-49a7-947f-4f1ff0595c70,casey_168@startup.io,mentor,Philippines,Tour & Activity Booking,real_name,INR,,N/A,₹1999,$29.99,₹0,$0,28,REF24404,₹0.00,$0.00,₹0.00,₹0.00,$0.00,$0.00,168,48.0%,28.00,Beginner,2025-10-14T04:27:29.804049Z,pending
169,4ce6c2c0-a027-44f5-ba50-c19786af7f3b,user169@example.com,government,Turkey,Animation,fancy_username,USD,,N/A,₹1999,$29.99,₹2000,$24.10,0,REF28098,₹0.00,$0.00,₹0.00,₹0.00,$0.00,$0.00,169,48.29%,2.00,Beginner,2025-10-29T01:27:29.804102Z,verified
170,a032a5f7-9d22-44e8-bdf8-5f634b1427b9,user170@example.com,ngo,Philippines,Event Management,fancy_username,INR,,N/A,₹1999,$29.99,₹0,$0,0,REF81601,₹0.00,$0.00,₹0.00,₹0.00,$0.00,$0.00,170,48.57%,0.00,Beginner,2025-11-09T16:27:29.804154Z,verified
171,c8b35341-c48d-4a9c-a970-9ceac33d6a2f,user171@example.com,angel,Somalia,Skincare,real_name,INR,,N/A,₹1999,$29.99,₹0,$0,0,REF49008,₹399.80,$6.00,₹199.90,₹199.90,$3.00,$3.00,171,48.86%,0.00,Beginner,2025-11-24T19:27:29.804265Z,verified
172,7e93e13d-2914-490d-918e-71bd37b2719e,casey_172@startup.io,accelerator,Nigeria,Currency Exchange,anonymous,USD,,N/A,₹1999,$29.99,₹0,$0,25,REF81197,₹0.00,$0.00,₹0.00,₹0.00,$0.00,$0.00,172,49.14%,25.00,Beginner,2025-11-07T05:27:29.804334Z,pending
173,f58b52cf-9292-4e9c-a09f-e266fa8757d3,user173@example.com,mentor,Indonesia,IoT & Hardware,fancy_username,INR,,N/A,₹1999,$29.99,₹0,$0,13,REF43612,₹399.80,$6.00,₹199.90,₹199.90,$3.00,$3.00,173,49.43%,13.00,Beginner,2025-11-15T06:27:29.804389Z,verified
174,980c6d42-a99f-4e67-8ad4-619d936d0464,user174@example.com,angel,Saint Vincent and the Grenadines,Transportation,real_name,INR,,N/A,₹1999,$29.99,₹0,$0,0,REF41779,₹0.00,$0.00,₹0.00,₹0.00,$0.00,$0.00,174,49.71%,0.00,Beginner,2025-11-06T19:27:29.804464Z,verified
175,a1f2ecc9-66d8-4163-a7cc-3df91e294dbf,sam_175@startup.io,startup,Burkina Faso,Residential Property,fancy_username,USD,PaymentHub Pro,Mature,₹1999,$29.99,₹0,$0,10,REF10679,₹399.80,$6.00,₹199.90,₹199.90,$3.00,$3.00,175,50.0%,10.00,Beginner,2025-10-25T22:27:29.804516Z,pending
176,1543cea3-6f20-4d80-896e-864d6c4d3c3d,user176@example.com,angel,Jordan,Fleet Management,anonymous,INR,,N/A,₹1999,$29.99,₹0,$0,0,REF40437,₹0.00,$0.00,₹0.00,₹0.00,$0.00,$0.00,176,50.29%,0.00,Beginner,2025-11-02T08:27:29.804596Z,verified
177,fa012ca9-7da4-4075-937f-e20a1df5775f,user177@example.com,startup,Djibouti,Property Management,real_name,INR,Digital Dreams,Idea,₹1999,$29.99,₹500,$6.02,18,REF34420,₹399.80,$6.00,₹199.90,₹199.90,$3.00,$3.00,177,50.57%,18.50,Beginner,2025-10-24T11:27:29.804654Z,pending
178,8c110326-0fc4-440d-b3b5-f9d728147ba0,user178@example.com,professional,Kiribati,Car Rental,fancy_username,USD,EcoTech Global,N/A,₹1999,$29.99,₹0,$0,0,REF71344,₹0.00,$0.00,₹0.00,₹0.00,$0.00,$0.00,178,50.86%,0.00,Beginner,2025-10-20T10:27:29.804755Z,pending
179,abc0bacb-9c3f-47e4-9102-1ff6b3e3de79,casey_179@startup.io,angel,United States,Beauty & Cosmetics,real_name,USD,,N/A,₹1999,$29.99,₹1000,$12.05,0,REF33002,₹0.00,$0.00,₹0.00,₹0.00,$0.00,$0.00,179,51.14%,1.00,Beginner,2025-10-31T20:27:29.804827Z,verified
180,cfed8422-28a0-42e3-84ab-29c530bff1e6,user180@example.com,government,Papua New Guinea,Tax Compliance,real_name,USD,,N/A,₹1999,$29.99,₹0,$0,0,REF72580,₹0.00,$0.00,₹0.00,₹0.00,$0.00,$0.00,180,51.43%,0.00,Beginner,2025-12-02T22:27:29.804882Z,verified
181,bb775690-f81c-4fcc-a10f-310fd141d496,casey_181@startup.io,vc,Myanmar,Smart Cities,fancy_username,USD,,N/A,₹1999,$29.99,₹0,$0,0,REF44282,₹0.00,$0.00,₹0.00,₹0.00,$0.00,$0.00,181,51.71%,0.00,Beginner,2025-11-08T02:27:29.804936Z,verified
182,95d67711-deea-4624-9fa2-ced0ffb0fa73,alex_182@startup.io,ngo,Israel,Fitness & Wellness,fancy_username,USD,,N/A,₹1999,$29.99,₹0,$0,0,REF58174,₹0.00,$0.00,₹0.00,₹0.00,$0.00,$0.00,182,52.0%,0.00,Beginner,2025-11-03T17:27:29.804996Z,verified
183,8489e8ed-8228-4fdc-bce1-cf5cb87cf9cc,user183@example.com,ngo,Croatia,Elder Care,anonymous,USD,,N/A,₹1999,$29.99,₹0,$0,0,REF80453,₹399.80,$6.00,₹199.90,₹199.90,$3.00,$3.00,183,52.29%,0.00,Beginner,2025-11-08T11:27:29.805046Z,verified
184,2efd0b7f-46c6-4efe-81f0-c2f368bd61cf,user184@example.com,influencer,Bosnia and Herzegovina,Translation,fancy_username,USD,,N/A,₹1999,$29.99,₹0,$0,0,REF18094,₹399.80,$6.00,₹199.90,₹199.90,$3.00,$3.00,184,52.57%,0.00,Beginner,2025-11-07T23:27:29.805105Z,verified
185,245693db-c155-44be-95d1-3c880377049d,morgan_185@startup.io,mentor,Czech Republic,Tax Compliance,anonymous,USD,,N/A,₹1999,$29.99,₹0,$0,32,REF86434,₹0.00,$0.00,₹0.00,₹0.00,$0.00,$0.00,185,52.86%,32.00,Beginner,2025-11-30T04:27:29.805164Z,pending
186,a44cf066-0706-476c-9846-aec167141ea6,user186@example.com,ngo,Chile,Psychiatry,fancy_username,USD,,N/A,₹1999,$29.99,₹0,$0,0,REF98181,₹399.80,$6.00,₹199.90,₹199.90,$3.00,$3.00,186,53.14%,0.00,Beginner,2025-11-08T12:27:29.805283Z,verified
187,9dfa1e5d-9abe-4d4b-a8ca-974f7e8a5c07,jordan_187@startup.io,startup,Yemen,Streaming & OTT,anonymous,INR,DataWave Analytics,Mature,₹1999,$29.99,₹0,$0,3,REF18357,₹0.00,$0.00,₹0.00,₹0.00,$0.00,$0.00,187,53.43%,3.00,Beginner,2025-11-21T04:27:29.805349Z,verified
188,e24d816c-e47a-4a93-a12e-f2cf3e9c9442,sam_188@startup.io,mentor,Sweden,Home Services,fancy_username,USD,,N/A,₹1999,$29.99,₹0,$0,42,REF59236,₹0.00,$0.00,₹0.00,₹0.00,$0.00,$0.00,188,53.71%,42.00,Beginner,2025-10-16T14:27:29.805439Z,verified
189,2e1fb9db-dc35-4f9e-887b-8a182f041d5c,jordan_189@startup.io,professional,Dominica,Strategy,fancy_username,INR,RealtyPro Solutions,N/A,₹1999,$29.99,₹0,$0,0,REF12979,₹399.80,$6.00,₹199.90,₹199.90,$3.00,$3.00,189,54.0%,0.00,Beginner,2025-10-22T02:27:29.805512Z,verified
190,fa94b46f-b6b2-4e3b-a7a3-7484b4daa191,user190@example.com,government,Portugal,Tour & Activity Booking,real_name,INR,,N/A,₹1999,$29.99,₹0,$0,0,REF34704,₹399.80,$6.00,₹199.90,₹199.90,$3.00,$3.00,190,54.29%,0.00,Beginner,2025-12-04T18:27:29.805585Z,verified
191,06db8836-d91b-4da6-86cc-eb2b1ff74e0e,user191@example.com,startup,Tanzania,Home Services,anonymous,INR,WritersPlatform Pro,Idea,₹1999,$29.99,₹0,$0,38,REF87849,₹0.00,$0.00,₹0.00,₹0.00,$0.00,$0.00,191,54.57%,38.00,Beginner,2025-12-09T23:27:29.805661Z,verified
192,33dfe1fe-6dbe-41d0-b299-707c1230b13a,user192@example.com,government,Morocco,Professional Development,anonymous,INR,,N/A,₹1999,$29.99,₹5000,$60.24,0,REF76046,₹399.80,$6.00,₹199.90,₹199.90,$3.00,$3.00,192,54.86%,5.00,Beginner,2025-12-10T22:27:29.805719Z,verified
193,183d482b-feb4-4d2c-98c0-62f9b01229e4,user193@example.com,influencer,Japan,Accounting & Bookkeeping,real_name,USD,,N/A,₹1999,$29.99,₹2000,$24.10,0,REF64206,₹0.00,$0.00,₹0.00,₹0.00,$0.00,$0.00,193,55.14%,2.00,Beginner,2025-11-10T19:27:29.805787Z,verified
194,7cd4bde5-3139-4f24-ac78-cbc146ccede3,user194@example.com,influencer,Venezuela,Medical Devices,anonymous,USD,,N/A,₹1999,$29.99,₹0,$0,0,REF94320,₹0.00,$0.00,₹0.00,₹0.00,$0.00,$0.00,194,55.43%,0.00,Beginner,2025-12-10T15:27:29.805841Z,verified
195,78269c26-cad3-4c8a-a47c-c355d8c08c30,user195@example.com,government,Mauritania,Wearable Tech,fancy_username,USD,,N/A,₹1999,$29.99,₹0,$0,0,REF41584,₹399.80,$6.00,₹199.90,₹199.90,$3.00,$3.00,195,55.71%,0.00,Beginner,2025-11-09T11:27:29.805891Z,pending
196,f8f34f86-0fde-4c7b-af39-46bfaf6eccef,user196@example.com,mentor,Netherlands,Gaming & Metaverse,anonymous,USD,,N/A,₹1999,$29.99,₹1000,$12.05,13,REF60910,₹0.00,$0.00,₹0.00,₹0.00,$0.00,$0.00,196,56.0%,14.00,Beginner,2025-11-10T22:27:29.805948Z,pending
197,246992a5-3f2a-49d9-87d4-eba717c24e46,user197@example.com,ngo,Liechtenstein,Telecommunications,anonymous,INR,,N/A,₹1999,$29.99,₹0,$0,0,REF89294,₹0.00,$0.00,₹0.00,₹0.00,$0.00,$0.00,197,56.29%,0.00,Beginner,2025-11-19T05:27:29.806003Z,verified
198,97d93a3a-a1b0-4cd6-a590-3bef37baae82,morgan_198@startup.io,service_provider,Fiji,Hair Care,real_name,USD,,N/A,₹1999,$29.99,₹0,$0,0,REF37762,₹399.80,$6.00,₹199.90,₹199.90,$3.00,$3.00,198,56.57%,0.00,Beginner,2025-10-17T02:27:29.806063Z,verified
199,5da134f4-1ac9-40c7-9481-8d1abbfc26eb,casey_199@startup.io,vc,Tuvalu,Animation,fancy_username,INR,,N/A,₹1999,$29.99,₹0,$0,0,REF59894,₹0.00,$0.00,₹0.00,₹0.00,$0.00,$0.00,199,56.86%,0.00,Beginner,2025-10-25T17:27:29.806128Z,verified
200,26e3475d-2b9e-4dcd-a4bb-d972af8632b2,user200@example.com,angel,Liberia,Psychiatry,fancy_username,USD,,N/A,₹1999,$29.99,₹0,$0,0,REF51973,₹399.80,$6.00,₹199.90,₹199.90,$3.00,$3.00,200,57.14%,0.00,Beginner,2025-10-28T11:27:29.806234Z,pending
201,e1315565-67f0-4920-b1e6-ab109b4ec9cc,user201@example.com,startup,Samoa,News & Journalism,anonymous,INR,HealthMax Solutions,Series A,₹2999,$44.99,₹0,$0,18,REF85909,₹599.80,$9.00,₹299.90,₹299.90,$4.50,$4.50,201,57.43%,18.00,Beginner,2025-11-08T08:27:29.806316Z,pending
202,631b6494-1e6b-4b89-aa4b-843e69dae80d,morgan_202@startup.io,vc,Pakistan,Legal Services,anonymous,USD,,N/A,₹2999,$44.99,₹0,$0,0,REF94108,₹599.80,$9.00,₹299.90,₹299.90,$4.50,$4.50,202,57.71%,0.00,Beginner,2025-10-22T11:27:29.806389Z,pending
203,28bdaf97-170c-4b83-be47-df1785bbf0f9,jordan_203@startup.io,mentor,Colombia,Financial Consulting,fancy_username,INR,,N/A,₹2999,$44.99,₹1000,$12.05,4,REF78674,₹0.00,$0.00,₹0.00,₹0.00,$0.00,$0.00,203,58.0%,5.00,Beginner,2025-11-03T01:27:29.806451Z,verified
204,4e1e6eb7-168f-4814-9f4f-bee81732b95d,alex_204@startup.io,government,Colombia,Professional Development,real_name,INR,,N/A,₹2999,$44.99,₹0,$0,0,REF58916,₹0.00,$0.00,₹0.00,₹0.00,$0.00,$0.00,204,58.29%,0.00,Beginner,2025-11-11T12:27:29.806505Z,verified
205,2e891cdc-baea-40a8-a3a4-b4e915bd1ae0,user205@example.com,influencer,North Korea,Orthopedics,real_name,INR,,N/A,₹2999,$44.99,₹0,$0,0,REF12192,₹0.00,$0.00,₹0.00,₹0.00,$0.00,$0.00,205,58.57%,0.00,Beginner,2025-11-18T02:27:29.806554Z,pending
206,68b702d8-f4c9-4d76-808e-44de80d9cfd8,user206@example.com,angel,Angola,Cardiology,anonymous,USD,,N/A,₹2999,$44.99,₹0,$0,0,REF78732,₹0.00,$0.00,₹0.00,₹0.00,$0.00,$0.00,206,58.86%,0.00,Beginner,2025-12-07T23:27:29.806640Z,verified
207,6662b8d1-5a56-4097-aabc-05841d59bd80,user207@example.com,angel,Lebanon,Smart Cities,fancy_username,INR,,N/A,₹2999,$44.99,₹0,$0,0,REF84055,₹0.00,$0.00,₹0.00,₹0.00,$0.00,$0.00,207,59.14%,0.00,Beginner,2025-11-18T12:27:29.806720Z,verified
208,703683a1-1475-4637-a7e8-9d76ab7b7ff4,alex_208@startup.io,startup,Brunei,Warehouse Space,fancy_username,USD,FoodHub Express,Late Stage,₹2999,$44.99,₹0,$0,5,REF11238,₹599.80,$9.00,₹299.90,₹299.90,$4.50,$4.50,208,59.43%,5.00,Beginner,2025-12-10T06:27:29.806785Z,verified
209,fb3dc1df-73aa-45fa-926f-1987da92cfea,user209@example.com,influencer,Bulgaria,Interpretation,real_name,INR,,N/A,₹2999,$44.99,₹0,$0,0,REF84289,₹0.00,$0.00,₹0.00,₹0.00,$0.00,$0.00,209,59.71%,0.00,Beginner,2025-10-19T04:27:29.806850Z,verified
210,f6a27156-3a35-42dd-b10e-890f942166ef,user210@example.com,angel,Russia,Other,anonymous,INR,,N/A,₹2999,$44.99,₹0,$0,0,REF12052,₹599.80,$9.00,₹299.90,₹299.90,$4.50,$4.50,210,60.0%,0.00,Beginner,2025-10-20T16:27:29.806900Z,verified
211,4b72eea4-4b00-42fe-b0e5-e315b4b23dca,casey_211@startup.io,professional,Iraq,Mental Health & Therapy,anonymous,INR,SmartCity Systems,N/A,₹2999,$44.99,₹0,$0,0,REF98740,₹599.80,$9.00,₹299.90,₹299.90,$4.50,$4.50,211,60.29%,0.00,Beginner,2025-10-20T14:27:29.806956Z,pending
212,eb0f1901-5ec7-4060-9ca6-4e2766279748,user212@example.com,mentor,Turkey,Food & Beverage,anonymous,USD,,N/A,₹2999,$44.99,₹0,$0,49,REF19963,₹0.00,$0.00,₹0.00,₹0.00,$0.00,$0.00,212,60.57%,49.00,Beginner,2025-11-16T19:27:29.807012Z,verified
213,f473263a-f5e1-4c26-bdc6-8d5f55278dc7,user213@example.com,government,Kazakhstan,E-commerce & Marketplace,anonymous,USD,,N/A,₹2999,$44.99,₹500,$6.02,0,REF56636,₹0.00,$0.00,₹0.00,₹0.00,$0.00,$0.00,213,60.86%,0.50,Beginner,2025-11-12T19:27:29.807077Z,pending
214,c31eec07-0bd0-418e-b384-a96140fb0c95,user214@example.com,influencer,Tanzania,Tour & Activity Booking,real_name,USD,,N/A,₹2999,$44.99,₹2000,$24.10,0,REF45123,₹0.00,$0.00,₹0.00,₹0.00,$0.00,$0.00,214,61.14%,2.00,Beginner,2025-12-10T00:27:29.807137Z,verified
215,b4eabf3e-0737-40d4-87d2-25bbede5ef3b,user215@example.com,mentor,Vietnam,Car Booking,fancy_username,USD,,N/A,₹2999,$44.99,₹0,$0,17,REF68292,₹0.00,$0.00,₹0.00,₹0.00,$0.00,$0.00,215,61.43%,17.00,Beginner,2025-12-13T17:27:29.807255Z,verified
216,8147c84a-b1f6-4dce-b05f-eff922c27f36,sam_216@startup.io,government,Myanmar,Audit & Compliance,anonymous,USD,,N/A,₹2999,$44.99,₹0,$0,0,REF82642,₹0.00,$0.00,₹0.00,₹0.00,$0.00,$0.00,216,61.71%,0.00,Beginner,2025-12-08T15:27:29.807318Z,verified
217,22ba8615-6a49-45f2-a3f4-7a5574710672,user217@example.com,government,Andorra,Bike & Scooter Sharing,fancy_username,USD,,N/A,₹2999,$44.99,₹2000,$24.10,0,REF41816,₹0.00,$0.00,₹0.00,₹0.00,$0.00,$0.00,217,62.0%,2.00,Beginner,2025-10-17T09:27:29.807370Z,verified
218,aca1b7e4-5310-4db3-9c87-5d53d0a6a53e,user218@example.com,mentor,Colombia,Smart Cities,fancy_username,USD,,N/A,₹2999,$44.99,₹0,$0,19,REF66973,₹0.00,$0.00,₹0.00,₹0.00,$0.00,$0.00,218,62.29%,19.00,Beginner,2025-12-09T21:27:29.807420Z,pending
219,4c48a0f4-226d-49ed-bfdf-122e273bb625,user219@example.com,accelerator,Grenada,Corporate Training,anonymous,USD,,N/A,₹2999,$44.99,₹0,$0,0,REF24021,₹0.00,$0.00,₹0.00,₹0.00,$0.00,$0.00,219,62.57%,0.00,Beginner,2025-12-01T12:27:29.807477Z,pending
220,18ae957f-19f4-444a-a5f0-347a2c8ea2d4,user220@example.com,influencer,Madagascar,Insurance,fancy_username,USD,,N/A,₹2999,$44.99,₹0,$0,0,REF87908,₹0.00,$0.00,₹0.00,₹0.00,$0.00,$0.00,220,62.86%,0.00,Beginner,2025-10-22T06:27:29.807532Z,pending
221,72206faa-9bec-4922-be39-f9d8e21a7b7f,user221@example.com,vc,Nigeria,Payment Processing,real_name,USD,,N/A,₹2999,$44.99,₹0,$0,0,REF92955,₹0.00,$0.00,₹0.00,₹0.00,$0.00,$0.00,221,63.14%,0.00,Beginner,2025-10-27T04:27:29.807596Z,verified
222,ed8036ea-0237-4ab8-86ad-bed4e363d895,user222@example.com,accelerator,Luxembourg,Ride-Sharing,fancy_username,USD,,N/A,₹2999,$44.99,₹0,$0,11,REF87624,₹599.80,$9.00,₹299.90,₹299.90,$4.50,$4.50,222,63.43%,11.00,Beginner,2025-11-07T20:27:29.807734Z,verified
223,9a017975-748f-4ca4-9a7b-b90960ce1236,user223@example.com,startup,Vanuatu,Nutrition & Diet,anonymous,INR,PaymentHub Pro,Mature,₹2999,$44.99,₹0,$0,50,REF19064,₹599.80,$9.00,₹299.90,₹299.90,$4.50,$4.50,223,63.71%,50.00,Beginner,2025-11-25T04:27:29.807816Z,verified
224,e01052b2-633c-4ce7-b139-52224c630f5f,user224@example.com,vc,Grenada,Smart Home & IoT Devices,anonymous,USD,,N/A,₹2999,$44.99,₹0,$0,0,REF72814,₹0.00,$0.00,₹0.00,₹0.00,$0.00,$0.00,224,64.0%,0.00,Beginner,2025-11-15T07:27:29.807879Z,verified
225,885e7856-115f-47ac-bfb5-c714f7830c0b,user225@example.com,government,Russia,Data Analytics & Big Data,fancy_username,INR,,N/A,₹2999,$44.99,₹0,$0,0,REF97122,₹0.00,$0.00,₹0.00,₹0.00,$0.00,$0.00,225,64.29%,0.00,Beginner,2025-11-28T05:27:29.807929Z,verified
226,3629dc20-ae49-490d-9dbb-c99e58c7ddc2,user226@example.com,influencer,Switzerland,Retail Space,fancy_username,USD,,N/A,₹2999,$44.99,₹0,$0,0,REF39098,₹0.00,$0.00,₹0.00,₹0.00,$0.00,$0.00,226,64.57%,0.00,Beginner,2025-12-07T18:27:29.807979Z,verified
227,2ffc6592-abf3-41a3-8262-7e5755d6d96b,user227@example.com,influencer,Finland,Pet Services,fancy_username,USD,,N/A,₹2999,$44.99,₹0,$0,0,REF75597,₹0.00,$0.00,₹0.00,₹0.00,$0.00,$0.00,227,64.86%,0.00,Beginner,2025-10-31T08:27:29.808029Z,verified
228,d4f8e6a0-55eb-4f4c-8732-afa087c4d158,user228@example.com,angel,Mexico,Fashion & Luxury,real_name,INR,,N/A,₹2999,$44.99,₹0,$0,0,REF37114,₹0.00,$0.00,₹0.00,₹0.00,$0.00,$0.00,228,65.14%,0.00,Beginner,2025-11-22T12:27:29.808077Z,pending
229,a160598e-c3bd-4576-b0d2-23d430b2631d,user229@example.com,ngo,Uruguay,Childcare,fancy_username,INR,,N/A,₹2999,$44.99,₹0,$0,0,REF25084,₹0.00,$0.00,₹0.00,₹0.00,$0.00,$0.00,229,65.43%,0.00,Beginner,2025-10-23T04:27:29.808128Z,pending
230,2c320c56-8697-4acc-a3ea-dee3baa208b5,user230@example.com,mentor,Vietnam,Skill Development Platforms,anonymous,INR,,N/A,₹2999,$44.99,₹0,$0,14,REF65885,₹599.80,$9.00,₹299.90,₹299.90,$4.50,$4.50,230,65.71%,14.00,Beginner,2025-11-22T09:27:29.808175Z,pending
231,b28449e2-2234-4b5b-a823-c6beaf35e255,user231@example.com,mentor,Suriname,Carpentry,fancy_username,INR,,N/A,₹2999,$44.99,₹0,$0,45,REF66302,₹0.00,$0.00,₹0.00,₹0.00,$0.00,$0.00,231,66.0%,45.00,Beginner,2025-11-15T08:27:29.808300Z,verified
232,84ec37d0-832f-448d-a2c1-063f47764341,alex_232@startup.io,influencer,Burundi,Strategy,real_name,USD,,N/A,₹2999,$44.99,₹0,$0,0,REF44387,₹0.00,$0.00,₹0.00,₹0.00,$0.00,$0.00,232,66.29%,0.00,Beginner,2025-11-14T23:27:29.808366Z,pending
233,e9323eb3-5e85-40f6-9b91-58abfc59103c,user233@example.com,accelerator,Singapore,Car Booking,anonymous,USD,,N/A,₹2999,$44.99,₹0,$0,43,REF70012,₹0.00,$0.00,₹0.00,₹0.00,$0.00,$0.00,233,66.57%,43.00,Beginner,2025-11-21T15:27:29.808415Z,verified
234,1f0951f9-72e7-428c-8aa3-ebbeefba5617,user234@example.com,influencer,Sierra Leone,Fashion & Luxury,anonymous,INR,,N/A,₹2999,$44.99,₹0,$0,0,REF25328,₹0.00,$0.00,₹0.00,₹0.00,$0.00,$0.00,234,66.86%,0.00,Beginner,2025-11-28T17:27:29.808480Z,verified
235,a0ba7595-df99-4e6e-91ba-435fe026b258,casey_235@startup.io,government,Singapore,Autonomous Vehicles,anonymous,USD,,N/A,₹2999,$44.99,₹0,$0,0,REF80435,₹0.00,$0.00,₹0.00,₹0.00,$0.00,$0.00,235,67.14%,0.00,Beginner,2025-11-12T06:27:29.808531Z,verified
236,05afc485-6e06-4a16-b7e8-a153750516ed,user236@example.com,mentor,Saint Lucia,Telemedicine,fancy_username,USD,,N/A,₹2999,$44.99,₹0,$0,22,REF91187,₹0.00,$0.00,₹0.00,₹0.00,$0.00,$0.00,236,67.43%,22.00,Beginner,2025-11-23T12:27:29.808590Z,verified
237,7b1e0daa-440f-4181-a598-4add6507d5bd,user237@example.com,vc,Malawi,Tax Planning,anonymous,USD,,N/A,₹2999,$44.99,₹0,$0,0,REF68176,₹0.00,$0.00,₹0.00,₹0.00,$0.00,$0.00,237,67.71%,0.00,Beginner,2025-11-12T13:27:29.808642Z,verified
238,f948cd0c-029e-4628-91d8-59714d828345,user238@example.com,vc,Indonesia,Cybersecurity,fancy_username,INR,,N/A,₹2999,$44.99,₹0,$0,0,REF84140,₹599.80,$9.00,₹299.90,₹299.90,$4.50,$4.50,238,68.0%,0.00,Beginner,2025-12-03T12:27:29.808720Z,pending
239,bfb38478-931b-4816-b676-e0e0c318dabd,user239@example.com,professional,Sao Tome and Principe,Human Resources & Recruitment,fancy_username,USD,RiskGuard Systems,N/A,₹2999,$44.99,₹0,$0,0,REF67850,₹0.00,$0.00,₹0.00,₹0.00,$0.00,$0.00,239,68.29%,0.00,Beginner,2025-10-27T01:27:29.808789Z,verified
240,223dd68d-3d20-480a-88ef-cdaff4b1f489,user240@example.com,vc,Iraq,Cybersecurity,fancy_username,USD,,N/A,₹2999,$44.99,₹0,$0,0,REF67549,₹599.80,$9.00,₹299.90,₹299.90,$4.50,$4.50,240,68.57%,0.00,Beginner,2025-10-23T00:27:29.808855Z,verified
241,7ec5031f-8888-4ca7-9b85-278d5c4be2cb,user241@example.com,vc,Eswatini,Currency Exchange,anonymous,USD,,N/A,₹2999,$44.99,₹0,$0,0,REF37124,₹599.80,$9.00,₹299.90,₹299.90,$4.50,$4.50,241,68.86%,0.00,Beginner,2025-12-05T20:27:29.808917Z,verified
242,7b2e436d-c397-48de-b0e0-1dc7f04d85b5,user242@example.com,angel,Singapore,Strategy,real_name,USD,,N/A,₹2999,$44.99,₹0,$0,0,REF45041,₹599.80,$9.00,₹299.90,₹299.90,$4.50,$4.50,242,69.14%,0.00,Beginner,2025-11-25T08:27:29.808980Z,verified
243,51f54399-5eba-4639-b536-e920f1121d0f,user243@example.com,professional,China,Residential Property,real_name,USD,GreenEnergy Solutions,N/A,₹2999,$44.99,₹0,$0,0,REF42725,₹0.00,$0.00,₹0.00,₹0.00,$0.00,$0.00,243,69.43%,0.00,Beginner,2025-10-30T22:27:29.809040Z,verified
244,e41b7316-06c5-4039-85ac-290c8788313a,user244@example.com,government,Norway,Drone Technology,anonymous,USD,,N/A,₹2999,$44.99,₹0,$0,0,REF19898,₹0.00,$0.00,₹0.00,₹0.00,$0.00,$0.00,244,69.71%,0.00,Beginner,2025-11-19T12:27:29.809092Z,verified
245,fd405329-ee1c-4772-b043-d167096ce48d,user245@example.com,angel,Turkmenistan,Hotel Booking,fancy_username,USD,,N/A,₹2999,$44.99,₹0,$0,0,REF22208,₹599.80,$9.00,₹299.90,₹299.90,$4.50,$4.50,245,70.0%,0.00,Beginner,2025-12-13T03:27:29.809144Z,pending
246,aa4d1773-b772-4e7d-bd2a-ea0f512c2bd5,user246@example.com,accelerator,Belize,Consulting,fancy_username,INR,,N/A,₹2999,$44.99,₹5000,$60.24,18,REF45197,₹0.00,$0.00,₹0.00,₹0.00,$0.00,$0.00,246,70.29%,23.00,Beginner,2025-11-30T11:27:29.809271Z,pending
247,83b7d67d-f66c-498e-a4b2-a0da17eb93f0,user247@example.com,mentor,Samoa,Orthopedics,fancy_username,INR,,N/A,₹2999,$44.99,₹0,$0,10,REF12134,₹0.00,$0.00,₹0.00,₹0.00,$0.00,$0.00,247,70.57%,10.00,Beginner,2025-11-03T12:27:29.809337Z,pending
248,729c547f-1e98-47d2-a84c-cadf296ed6de,user248@example.com,government,Eritrea,Cybersecurity,anonymous,USD,,N/A,₹2999,$44.99,₹0,$0,0,REF22234,₹0.00,$0.00,₹0.00,₹0.00,$0.00,$0.00,248,70.86%,0.00,Beginner,2025-10-15T18:27:29.809401Z,pending
249,36cc6e8e-a797-42cc-a518-05ea7b975d4f,sam_249@startup.io,startup,Mali,Inventory Management,anonymous,INR,DataWave Analytics,Seed,₹2999,$44.99,₹0,$0,30,REF22475,₹0.00,$0.00,₹0.00,₹0.00,$0.00,$0.00,249,71.14%,30.00,Beginner,2025-12-08T04:27:29.809462Z,verified
250,821d4e1c-a5e1-424a-b11a-2ea67082ac59,casey_250@startup.io,startup,Algeria,Stock Trading,real_name,USD,MindfulAI Corp,Pre-seed,₹2999,$44.99,₹0,$0,46,REF40008,₹0.00,$0.00,₹0.00,₹0.00,$0.00,$0.00,250,71.43%,46.00,Beginner,2025-11-14T00:27:29.809519Z,pending
251,afc8794d-c0f1-400f-8b6d-8668a4b57d1f,user251@example.com,angel,Colombia,Tour & Activity Booking,real_name,INR,,N/A,₹2999,$44.99,₹0,$0,0,REF89995,₹0.00,$0.00,₹0.00,₹0.00,$0.00,$0.00,251,71.71%,0.00,Beginner,2025-11-08T02:27:29.809584Z,pending
252,6f9057ea-65b0-4461-a96e-66c407de9a79,user252@example.com,vc,Spain,Wearable Tech,fancy_username,USD,,N/A,₹2999,$44.99,₹0,$0,0,REF28351,₹599.80,$9.00,₹299.90,₹299.90,$4.50,$4.50,252,72.0%,0.00,Beginner,2025-10-17T23:27:29.809637Z,verified
253,d91b7f65-4a1d-47be-87c9-443c259528c1,user253@example.com,accelerator,Monaco,Payment Processing,real_name,INR,,N/A,₹2999,$44.99,₹0,$0,46,REF82534,₹0.00,$0.00,₹0.00,₹0.00,$0.00,$0.00,253,72.29%,46.00,Beginner,2025-12-08T19:27:29.809695Z,verified
254,067e4987-4441-4694-bb3b-f0a0a9240552,alex_254@startup.io,angel,Estonia,Physical Therapy,anonymous,INR,,N/A,₹2999,$44.99,₹0,$0,0,REF41370,₹0.00,$0.00,₹0.00,₹0.00,$0.00,$0.00,254,72.57%,0.00,Beginner,2025-11-03T01:27:29.809754Z,verified
255,a5b35301-51c7-4f42-ba88-6b5f2a7af8dd,morgan_255@startup.io,professional,Poland,EdTech & E-Learning,fancy_username,USD,WritersPlatform Pro,N/A,₹2999,$44.99,₹0,$0,0,REF65163,₹0.00,$0.00,₹0.00,₹0.00,$0.00,$0.00,255,72.86%,0.00,Beginner,2025-10-19T08:27:29.809807Z,verified
256,e0e5d2d1-7f95-45ad-8d96-b0e802c2a5ff,user256@example.com,professional,Angola,Travel & Hospitality,real_name,USD,PhotoPerfect Studio,N/A,₹2999,$44.99,₹0,$0,0,REF62163,₹0.00,$0.00,₹0.00,₹0.00,$0.00,$0.00,256,73.14%,0.00,Beginner,2025-10-16T01:27:29.809859Z,verified
257,683ab6de-b7ea-4c41-9d8d-d1e04b30ff95,user257@example.com,government,Moldova,Retail Space,real_name,INR,,N/A,₹2999,$44.99,₹0,$0,0,REF77017,₹599.80,$9.00,₹299.90,₹299.90,$4.50,$4.50,257,73.43%,0.00,Beginner,2025-11-25T00:27:29.809929Z,verified
258,c7654ab4-8bf3-49f5-8ff5-231a6d1ac4df,user258@example.com,government,Seychelles,Logistics & Supply Chain,fancy_username,USD,,N/A,₹2999,$44.99,₹5000,$60.24,0,REF42044,₹0.00,$0.00,₹0.00,₹0.00,$0.00,$0.00,258,73.71%,5.00,Beginner,2025-11-29T01:27:29.809990Z,pending
259,610f31f4-6b30-4ab6-b5e0-5bb152bd732e,morgan_259@startup.io,influencer,Belarus,Order Management,anonymous,INR,,N/A,₹2999,$44.99,₹0,$0,0,REF11487,₹0.00,$0.00,₹0.00,₹0.00,$0.00,$0.00,259,74.0%,0.00,Beginner,2025-10-29T22:27:29.810045Z,pending
260,cf44ba06-057a-40ea-8233-84ca6a64148c,user260@example.com,angel,Czech Republic,Restaurant Booking,real_name,USD,,N/A,₹2999,$44.99,₹0,$0,0,REF53910,₹599.80,$9.00,₹299.90,₹299.90,$4.50,$4.50,260,74.29%,0.00,Beginner,2025-10-26T02:27:29.810097Z,pending
261,80388ddc-4059-4bb5-bc6c-19e1a76c9b35,user261@example.com,angel,United Kingdom,Agriculture & AgTech,fancy_username,USD,,N/A,₹2999,$44.99,₹0,$0,0,REF84302,₹0.00,$0.00,₹0.00,₹0.00,$0.00,$0.00,261,74.57%,0.00,Beginner,2025-12-10T11:27:29.810162Z,verified
262,cf15fed9-d6a8-4ed1-a267-866c57b73bf3,alex_262@startup.io,influencer,Togo,Human Resources & Recruitment,real_name,INR,,N/A,₹2999,$44.99,₹0,$0,0,REF42053,₹0.00,$0.00,₹0.00,₹0.00,$0.00,$0.00,262,74.86%,0.00,Beginner,2025-10-20T02:27:29.810289Z,pending
263,c0967683-2c1a-446c-9a3f-0ca821c4931b,user263@example.com,mentor,Dominica,Data Analytics & Big Data,anonymous,USD,,N/A,₹2999,$44.99,₹0,$0,4,REF51934,₹0.00,$0.00,₹0.00,₹0.00,$0.00,$0.00,263,75.14%,4.00,Beginner,2025-11-28T13:27:29.810349Z,verified
264,cdcbde22-ed21-477d-9ec3-8973e5592c53,user264@example.com,service_provider,Togo,Virtual & Augmented Reality,real_name,INR,,N/A,₹2999,$44.99,₹0,$0,0,REF70960,₹599.80,$9.00,₹299.90,₹299.90,$4.50,$4.50,264,75.43%,0.00,Beginner,2025-11-19T00:27:29.810404Z,pending
265,e5cc5e2e-e308-4698-baba-9bf8a359057f,user265@example.com,service_provider,Nauru,Healthcare & Biotech,fancy_username,INR,,N/A,₹2999,$44.99,₹0,$0,0,REF91620,₹0.00,$0.00,₹0.00,₹0.00,$0.00,$0.00,265,75.71%,0.00,Beginner,2025-10-24T17:27:29.810464Z,pending
266,84d2eda4-3b8c-4de8-8f2d-f31c262332e3,user266@example.com,ngo,Equatorial Guinea,Financial Consulting,real_name,INR,,N/A,₹2999,$44.99,₹0,$0,0,REF40539,₹0.00,$0.00,₹0.00,₹0.00,$0.00,$0.00,266,76.0%,0.00,Beginner,2025-11-18T02:27:29.810522Z,verified
267,acc4a5ad-a4da-4d79-b002-d0347e0e7474,user267@example.com,startup,Kiribati,Artificial Intelligence & Machine Learning,anonymous,USD,PaymentHub Pro,Mature,₹2999,$44.99,₹2000,$24.10,15,REF36895,₹0.00,$0.00,₹0.00,₹0.00,$0.00,$0.00,267,76.29%,17.00,Beginner,2025-11-24T23:27:29.810583Z,verified
268,4a915030-b269-4674-b79a-28103e1e818e,user268@example.com,mentor,United Kingdom,Ride-Sharing,real_name,INR,,N/A,₹2999,$44.99,₹5000,$60.24,47,REF58823,₹0.00,$0.00,₹0.00,₹0.00,$0.00,$0.00,268,76.57%,52.00,Beginner,2025-11-10T13:27:29.810641Z,verified
269,10fda30a-68ee-442b-b852-ef2aaafc25f5,user269@example.com,service_provider,China,Alternative Accommodations,real_name,INR,,N/A,₹2999,$44.99,₹0,$0,0,REF48230,₹0.00,$0.00,₹0.00,₹0.00,$0.00,$0.00,269,76.86%,0.00,Beginner,2025-12-05T19:27:29.810695Z,pending
270,4fed11ce-70d0-4888-9a2f-19c821a492a1,user270@example.com,government,Uganda,Tax Compliance,fancy_username,USD,,N/A,₹2999,$44.99,₹0,$0,0,REF27840,₹599.80,$9.00,₹299.90,₹299.90,$4.50,$4.50,270,77.14%,0.00,Beginner,2025-12-09T20:27:29.810751Z,verified
271,67023e4e-9bd6-4889-93fc-bba179e25b69,alex_271@startup.io,mentor,Namibia,Meditation & Wellness,fancy_username,USD,,N/A,₹2999,$44.99,₹0,$0,16,REF69233,₹0.00,$0.00,₹0.00,₹0.00,$0.00,$0.00,271,77.43%,16.00,Beginner,2025-11-21T20:27:29.810810Z,verified
272,8289607d-3216-4ad4-bd2b-ae75d879b690,jordan_272@startup.io,influencer,Bahamas,Streaming & OTT,fancy_username,INR,,N/A,₹2999,$44.99,₹0,$0,0,REF61936,₹0.00,$0.00,₹0.00,₹0.00,$0.00,$0.00,272,77.71%,0.00,Beginner,2025-11-28T15:27:29.810864Z,verified
273,d3fc11d8-57e4-455b-b46f-909a98a70418,sam_273@startup.io,startup,Marshall Islands,Childcare,anonymous,INR,TravelMate Global,Seed,₹2999,$44.99,₹0,$0,49,REF25919,₹0.00,$0.00,₹0.00,₹0.00,$0.00,$0.00,273,78.0%,49.00,Beginner,2025-12-07T22:27:29.810917Z,verified
274,609a871c-9651-4912-8bce-07686144f1d5,user274@example.com,accelerator,Tunisia,Fashion & Luxury,anonymous,USD,,N/A,₹2999,$44.99,₹0,$0,28,REF35919,₹599.80,$9.00,₹299.90,₹299.90,$4.50,$4.50,274,78.29%,28.00,Beginner,2025-12-13T00:27:29.810980Z,verified
275,6fc5b035-b143-4d99-8abd-75f5dd3842e7,jordan_275@startup.io,professional,Bahamas,Nutrition & Diet,real_name,INR,GameVerse Studios,N/A,₹2999,$44.99,₹500,$6.02,0,REF61773,₹0.00,$0.00,₹0.00,₹0.00,$0.00,$0.00,275,78.57%,0.50,Beginner,2025-10-22T03:27:29.811041Z,verified
276,22ee9d9d-e75c-4a26-aa80-ac582c5baacd,user276@example.com,accelerator,Ethiopia,Beauty & Cosmetics,fancy_username,USD,,N/A,₹2999,$44.99,₹0,$0,15,REF90492,₹0.00,$0.00,₹0.00,₹0.00,$0.00,$0.00,276,78.86%,15.00,Beginner,2025-12-05T01:27:29.811100Z,verified
277,794eff18-201d-4da8-861d-4eda3f552989,casey_277@startup.io,service_provider,Nigeria,Social Media & Content,real_name,USD,,N/A,₹2999,$44.99,₹0,$0,0,REF94233,₹599.80,$9.00,₹299.90,₹299.90,$4.50,$4.50,277,79.14%,0.00,Beginner,2025-11-17T20:27:29.811151Z,verified
278,4f329a99-2b4d-429b-a696-3ce6a8641601,morgan_278@startup.io,startup,Madagascar,Venture Capital,fancy_username,USD,NextGen Innovations,Growth,₹2999,$44.99,₹0,$0,11,REF52153,₹0.00,$0.00,₹0.00,₹0.00,$0.00,$0.00,278,79.43%,11.00,Beginner,2025-11-07T10:27:29.811279Z,verified
279,1475d144-bfa9-4c92-91e3-8b37de1ab65d,jordan_279@startup.io,startup,Nicaragua,Interpretation,fancy_username,INR,MarketingMax Pro,Idea,₹2999,$44.99,₹0,$0,50,REF41608,₹0.00,$0.00,₹0.00,₹0.00,$0.00,$0.00,279,79.71%,50.00,Beginner,2025-11-28T05:27:29.811342Z,verified
280,adc0d585-6ca8-4fc1-b181-8e390bcb87f5,user280@example.com,government,Lebanon,Medical Devices,real_name,INR,,N/A,₹2999,$44.99,₹0,$0,0,REF57026,₹599.80,$9.00,₹299.90,₹299.90,$4.50,$4.50,280,80.0%,0.00,Beginner,2025-10-23T03:27:29.811397Z,verified
281,49c6974d-8ac6-48f0-afbd-55ec54b73dcc,user281@example.com,accelerator,San Marino,Other,real_name,INR,,N/A,₹2999,$44.99,₹5000,$60.24,31,REF81057,₹0.00,$0.00,₹0.00,₹0.00,$0.00,$0.00,281,80.29%,36.00,Beginner,2025-10-18T11:27:29.811463Z,verified
282,f0ccbd00-27a4-4faa-a3ca-cc463fd1f148,sam_282@startup.io,influencer,Finland,Blockchain & Crypto,anonymous,USD,,N/A,₹2999,$44.99,₹0,$0,0,REF36406,₹599.80,$9.00,₹299.90,₹299.90,$4.50,$4.50,282,80.57%,0.00,Beginner,2025-10-16T07:27:29.811530Z,pending
283,64396f0b-837a-4758-bcc5-28b7da503fab,user283@example.com,accelerator,Belgium,Blockchain & Crypto,real_name,INR,,N/A,₹2999,$44.99,₹5000,$60.24,42,REF19506,₹0.00,$0.00,₹0.00,₹0.00,$0.00,$0.00,283,80.86%,47.00,Beginner,2025-11-10T15:27:29.811605Z,pending
284,086588c0-5a81-4d10-8e80-17693222a35c,user284@example.com,accelerator,Ireland,Accounting & Bookkeeping,real_name,INR,,N/A,₹2999,$44.99,₹500,$6.02,11,REF73858,₹0.00,$0.00,₹0.00,₹0.00,$0.00,$0.00,284,81.14%,11.50,Beginner,2025-10-24T06:27:29.811833Z,verified
285,4edd9a5b-f2d1-42e6-9832-f41a79f09b6d,user285@example.com,influencer,Lesotho,Digital Marketing,anonymous,INR,,N/A,₹2999,$44.99,₹0,$0,0,REF48602,₹0.00,$0.00,₹0.00,₹0.00,$0.00,$0.00,285,81.43%,0.00,Beginner,2025-10-28T04:27:29.811897Z,verified
286,cb11f5a1-fdd8-442a-8985-10d2a231a711,morgan_286@startup.io,government,San Marino,Cybersecurity,real_name,USD,,N/A,₹2999,$44.99,₹1000,$12.05,0,REF84127,₹0.00,$0.00,₹0.00,₹0.00,$0.00,$0.00,286,81.71%,1.00,Beginner,2025-11-29T06:27:29.811952Z,pending
287,6ad44013-6cc8-45f2-b793-a11a559b3197,alex_287@startup.io,vc,Laos,Risk Management,real_name,INR,,N/A,₹2999,$44.99,₹2000,$24.10,0,REF54007,₹0.00,$0.00,₹0.00,₹0.00,$0.00,$0.00,287,82.0%,2.00,Beginner,2025-11-03T03:27:29.812008Z,pending
288,5537aa35-f0eb-4410-87de-2fceced003c8,alex_288@startup.io,accelerator,Guatemala,Construction & Engineering,anonymous,INR,,N/A,₹2999,$44.99,₹0,$0,26,REF65004,₹599.80,$9.00,₹299.90,₹299.90,$4.50,$4.50,288,82.29%,26.00,Beginner,2025-11-15T03:27:29.812060Z,pending
289,b8a9c76a-ee75-4e7d-acf1-dfbbffb32ba2,user289@example.com,accelerator,Russia,Event Management,real_name,USD,,N/A,₹2999,$44.99,₹1000,$12.05,4,REF39567,₹0.00,$0.00,₹0.00,₹0.00,$0.00,$0.00,289,82.57%,5.00,Beginner,2025-11-02T05:27:29.812131Z,verified
290,9f88333f-4305-40f6-b56c-f88cb0ab9901,jordan_290@startup.io,angel,Burundi,Real Estate & PropTech,fancy_username,INR,,N/A,₹2999,$44.99,₹0,$0,0,REF81702,₹599.80,$9.00,₹299.90,₹299.90,$4.50,$4.50,290,82.86%,0.00,Beginner,2025-10-29T00:27:29.812245Z,verified
291,4740f1de-afde-47d9-b8c8-93f1a0fb4d34,user291@example.com,influencer,North Korea,E-commerce & Marketplace,fancy_username,INR,,N/A,₹2999,$44.99,₹0,$0,0,REF17019,₹0.00,$0.00,₹0.00,₹0.00,$0.00,$0.00,291,83.14%,0.00,Beginner,2025-11-16T21:27:29.812318Z,verified
292,0fcb374c-629c-4e01-a074-940eacc3d0f3,user292@example.com,government,Tuvalu,Accounting,anonymous,USD,,N/A,₹2999,$44.99,₹0,$0,0,REF22571,₹0.00,$0.00,₹0.00,₹0.00,$0.00,$0.00,292,83.43%,0.00,Beginner,2025-11-24T19:27:29.812372Z,verified
293,4bf8a857-a2b6-493b-96d1-c077e2f17d4d,user293@example.com,ngo,Croatia,Virtual & Augmented Reality,fancy_username,INR,,N/A,₹2999,$44.99,₹0,$0,0,REF91931,₹0.00,$0.00,₹0.00,₹0.00,$0.00,$0.00,293,83.71%,0.00,Beginner,2025-11-25T05:27:29.812421Z,verified
294,ecf03622-d748-45da-bac3-238ff456187e,sam_294@startup.io,mentor,Suriname,Bike & Scooter Sharing,real_name,USD,,N/A,₹2999,$44.99,₹0,$0,42,REF71727,₹0.00,$0.00,₹0.00,₹0.00,$0.00,$0.00,294,84.0%,42.00,Beginner,2025-10-24T14:27:29.812471Z,pending
295,fafb2450-7e5d-408b-b836-70c31958d741,morgan_295@startup.io,government,Ecuador,Hotel Booking,fancy_username,USD,,N/A,₹2999,$44.99,₹0,$0,0,REF67637,₹0.00,$0.00,₹0.00,₹0.00,$0.00,$0.00,295,84.29%,0.00,Beginner,2025-12-11T18:27:29.812521Z,verified
296,2f454e95-f4a8-4ccb-8f80-b43fe5116a58,user296@example.com,influencer,Belgium,Wearable Tech,anonymous,INR,,N/A,₹2999,$44.99,₹0,$0,0,REF64262,₹599.80,$9.00,₹299.90,₹299.90,$4.50,$4.50,296,84.57%,0.00,Beginner,2025-11-21T09:27:29.812580Z,verified
297,5150df0e-913a-445d-8de7-d854557851ff,alex_297@startup.io,government,Peru,Home Services,anonymous,USD,,N/A,₹2999,$44.99,₹0,$0,0,REF49171,₹0.00,$0.00,₹0.00,₹0.00,$0.00,$0.00,297,84.86%,0.00,Beginner,2025-11-28T11:27:29.812640Z,verified
298,54402402-2554-4d70-9a9b-c5ee64aa2411,morgan_298@startup.io,service_provider,Sao Tome and Principe,3D Printing & Manufacturing,real_name,USD,,N/A,₹2999,$44.99,₹0,$0,0,REF35260,₹0.00,$0.00,₹0.00,₹0.00,$0.00,$0.00,298,85.14%,0.00,Beginner,2025-12-03T20:27:29.812739Z,pending
299,8f24806b-e7b0-40cd-8386-95ab825ca98a,casey_299@startup.io,vc,Spain,3D Printing & Manufacturing,anonymous,USD,,N/A,₹2999,$44.99,₹0,$0,0,REF21406,₹0.00,$0.00,₹0.00,₹0.00,$0.00,$0.00,299,85.43%,0.00,Beginner,2025-10-29T00:27:29.812816Z,pending
300,f33a3cfc-db24-4199-bd3e-163482b766b7,user300@example.com,angel,Peru,Fitness Classes,real_name,USD,,N/A,₹2999,$44.99,₹0,$0,0,REF84264,₹0.00,$0.00,₹0.00,₹0.00,$0.00,$0.00,300,85.71%,0.00,Beginner,2025-12-04T22:27:29.812869Z,verified
301,02da9155-3548-4343-91a0-5f73e9898764,user301@example.com,influencer,Burkina Faso,Fleet Management,anonymous,USD,,N/A,₹3999,$59.99,₹0,$0,0,REF73646,₹0.00,$0.00,₹0.00,₹0.00,$0.00,$0.00,301,86.0%,0.00,Beginner,2025-11-19T06:27:29.812926Z,pending
302,7408fdaa-d3e0-4ac5-8a28-854f9af8224c,jordan_302@startup.io,government,Comoros,Retail Space,real_name,USD,,N/A,₹3999,$59.99,₹0,$0,0,REF16460,₹799.80,$12.00,₹399.90,₹399.90,$6.00,$6.00,302,86.29%,0.00,Beginner,2025-10-30T19:27:29.812978Z,pending
303,0a0776e1-7446-4ae3-bf5c-238960b93da5,user303@example.com,startup,Kuwait,Warehouse Management,fancy_username,USD,FinServe Pro,Series B,₹3999,$59.99,₹5000,$60.24,14,REF22873,₹799.80,$12.00,₹399.90,₹399.90,$6.00,$6.00,303,86.57%,19.00,Beginner,2025-10-30T05:27:29.813047Z,verified
304,a6d3ce83-26b3-44f1-b418-85d88631a0cb,user304@example.com,accelerator,Guyana,Property Management,anonymous,INR,,N/A,₹3999,$59.99,₹0,$0,23,REF73499,₹799.80,$12.00,₹399.90,₹399.90,$6.00,$6.00,304,86.86%,23.00,Beginner,2025-11-30T13:27:29.813118Z,verified
305,939d0eef-84cc-4442-8be3-c65c67b514ae,user305@example.com,mentor,Belize,Order Management,anonymous,USD,,N/A,₹3999,$59.99,₹0,$0,12,REF84537,₹0.00,$0.00,₹0.00,₹0.00,$0.00,$0.00,305,87.14%,12.00,Beginner,2025-10-20T10:27:29.813251Z,verified
306,5ae66c3f-4f94-4f45-9978-ad1d62448409,user306@example.com,vc,Austria,Elder Care,real_name,USD,,N/A,₹3999,$59.99,₹0,$0,0,REF76207,₹0.00,$0.00,₹0.00,₹0.00,$0.00,$0.00,306,87.43%,0.00,Beginner,2025-11-20T12:27:29.813368Z,verified
307,1e73c0e2-b3e6-4f7b-8eb6-c4f235af7133,user307@example.com,vc,Lithuania,Dentistry,anonymous,USD,,N/A,₹3999,$59.99,₹0,$0,0,REF86923,₹0.00,$0.00,₹0.00,₹0.00,$0.00,$0.00,307,87.71%,0.00,Beginner,2025-10-19T11:27:29.813439Z,pending
308,96267575-b211-4cd0-9bc8-bb8de28dbcf1,jordan_308@startup.io,professional,Iceland,E-commerce & Marketplace,fancy_username,INR,WritersPlatform Pro,N/A,₹3999,$59.99,₹0,$0,0,REF39012,₹0.00,$0.00,₹0.00,₹0.00,$0.00,$0.00,308,88.0%,0.00,Beginner,2025-11-07T20:27:29.813492Z,verified
309,be7a3c5a-bb49-467f-8e84-ac0437689bc4,casey_309@startup.io,service_provider,Argentina,Healthcare & Biotech,fancy_username,INR,,N/A,₹3999,$59.99,₹0,$0,0,REF39329,₹0.00,$0.00,₹0.00,₹0.00,$0.00,$0.00,309,88.29%,0.00,Beginner,2025-11-06T02:27:29.813543Z,pending
310,9cb0434d-7e9f-4979-a9f9-dc374b913a1d,user310@example.com,angel,Moldova,Event Management,fancy_username,USD,,N/A,₹3999,$59.99,₹0,$0,0,REF98761,₹0.00,$0.00,₹0.00,₹0.00,$0.00,$0.00,310,88.57%,0.00,Beginner,2025-11-14T17:27:29.813606Z,verified
311,4d9bd007-ef09-4ef2-b9d4-1e84a533eab0,user311@example.com,professional,Albania,Pediatrics,anonymous,USD,MindfulAI Corp,N/A,₹3999,$59.99,₹0,$0,0,REF47051,₹0.00,$0.00,₹0.00,₹0.00,$0.00,$0.00,311,88.86%,0.00,Beginner,2025-11-05T07:27:29.813656Z,pending
312,7539b77a-389f-480e-916b-eee82d21c1cd,jordan_312@startup.io,accelerator,Honduras,Government Tech,anonymous,USD,,N/A,₹3999,$59.99,₹0,$0,38,REF17441,₹799.80,$12.00,₹399.90,₹399.90,$6.00,$6.00,312,89.14%,38.00,Beginner,2025-11-10T19:27:29.813707Z,pending
313,506b29de-f825-4ee7-92d4-b4ab161afa9c,user313@example.com,mentor,Uruguay,SaaS & Cloud Computing,anonymous,USD,,N/A,₹3999,$59.99,₹0,$0,2,REF63031,₹0.00,$0.00,₹0.00,₹0.00,$0.00,$0.00,313,89.43%,2.00,Beginner,2025-10-16T13:27:29.813765Z,verified
314,5588b4ee-4840-422b-a736-dbdc677cb9fb,user314@example.com,influencer,Egypt,Stock Trading,anonymous,INR,,N/A,₹3999,$59.99,₹0,$0,0,REF98063,₹0.00,$0.00,₹0.00,₹0.00,$0.00,$0.00,314,89.71%,0.00,Beginner,2025-11-03T11:27:29.813816Z,pending
315,4875c5d9-af20-4f3e-a8da-45871786ae7b,user315@example.com,service_provider,Dominican Republic,Public Transport Tech,real_name,USD,,N/A,₹3999,$59.99,₹0,$0,0,REF83273,₹799.80,$12.00,₹399.90,₹399.90,$6.00,$6.00,315,90.0%,0.00,Beginner,2025-11-27T03:27:29.813874Z,verified
316,cb5a8199-411c-4b0a-b836-6eceb22f0a38,user316@example.com,accelerator,Taiwan,Retail & Consumer Goods,real_name,USD,,N/A,₹3999,$59.99,₹0,$0,21,REF65112,₹799.80,$12.00,₹399.90,₹399.90,$6.00,$6.00,316,90.29%,21.00,Beginner,2025-10-19T17:27:29.813944Z,pending
317,28e56fc4-ef5b-4517-b1e4-984459578725,jordan_317@startup.io,ngo,Cape Verde,Spa & Massage,real_name,INR,,N/A,₹3999,$59.99,₹0,$0,0,REF25704,₹799.80,$12.00,₹399.90,₹399.90,$6.00,$6.00,317,90.57%,0.00,Beginner,2025-12-01T10:27:29.814022Z,pending
318,49f59996-e6eb-4878-9b07-96e95c96481f,user318@example.com,government,Barbados,Wearable Tech,real_name,INR,,N/A,₹3999,$59.99,₹0,$0,0,REF28772,₹0.00,$0.00,₹0.00,₹0.00,$0.00,$0.00,318,90.86%,0.00,Beginner,2025-11-07T12:27:29.814080Z,verified
319,e4d8dcca-845d-4ee6-8433-fe2d05cd6419,alex_319@startup.io,ngo,Kiribati,Diagnostics,fancy_username,INR,,N/A,₹3999,$59.99,₹0,$0,0,REF32099,₹0.00,$0.00,₹0.00,₹0.00,$0.00,$0.00,319,91.14%,0.00,Beginner,2025-11-26T20:27:29.814132Z,verified
320,7baefda4-72e9-43fb-a289-c96b658d8f5b,user320@example.com,professional,Chile,Painting,anonymous,USD,RetailEdge Systems,N/A,₹3999,$59.99,₹0,$0,0,REF10611,₹0.00,$0.00,₹0.00,₹0.00,$0.00,$0.00,320,91.43%,0.00,Beginner,2025-11-13T14:27:29.814231Z,verified
321,842af715-7c49-4203-938b-a34fe47794a5,user321@example.com,startup,Jordan,Interpretation,real_name,INR,ContentFlow Media,Seed,₹3999,$59.99,₹0,$0,22,REF42613,₹0.00,$0.00,₹0.00,₹0.00,$0.00,$0.00,321,91.71%,22.00,Beginner,2025-11-03T03:27:29.814328Z,verified
322,951a67a5-4003-4cde-85b7-b152fde85b8c,user322@example.com,influencer,Israel,Telemedicine,real_name,INR,,N/A,₹3999,$59.99,₹0,$0,0,REF78195,₹0.00,$0.00,₹0.00,₹0.00,$0.00,$0.00,322,92.0%,0.00,Beginner,2025-11-25T12:27:29.814385Z,pending
323,9d096422-c6b3-4f4d-a685-f39613163721,user323@example.com,mentor,Kyrgyzstan,Dentistry,fancy_username,INR,,N/A,₹3999,$59.99,₹0,$0,46,REF12506,₹0.00,$0.00,₹0.00,₹0.00,$0.00,$0.00,323,92.29%,46.00,Beginner,2025-10-16T14:27:29.814443Z,verified
324,9beb67f4-5927-497a-88c5-6093942ca541,alex_324@startup.io,influencer,Palestine,Pharmaceuticals,real_name,USD,,N/A,₹3999,$59.99,₹5000,$60.24,0,REF93928,₹0.00,$0.00,₹0.00,₹0.00,$0.00,$0.00,324,92.57%,5.00,Beginner,2025-12-11T14:27:29.814499Z,verified
325,b2ae3a56-e27c-4422-9dd1-a9cbd9e6dcc3,user325@example.com,influencer,Bangladesh,Construction & Engineering,anonymous,INR,,N/A,₹3999,$59.99,₹0,$0,0,REF68237,₹0.00,$0.00,₹0.00,₹0.00,$0.00,$0.00,325,92.86%,0.00,Beginner,2025-12-06T13:27:29.814555Z,verified
326,80878abe-c812-4d78-b250-82258c78889d,sam_326@startup.io,vc,Turkmenistan,Healthcare & Biotech,fancy_username,USD,,N/A,₹3999,$59.99,₹0,$0,0,REF45386,₹0.00,$0.00,₹0.00,₹0.00,$0.00,$0.00,326,93.14%,0.00,Beginner,2025-11-01T10:27:29.814616Z,verified
327,e6f3a5f0-4c27-45a7-b5d0-319d13f75190,alex_327@startup.io,service_provider,Uruguay,Marketing & Advertising,fancy_username,INR,,N/A,₹3999,$59.99,₹500,$6.02,0,REF36181,₹799.80,$12.00,₹399.90,₹399.90,$6.00,$6.00,327,93.43%,0.50,Beginner,2025-12-01T07:27:29.814668Z,verified
328,80a9795e-3268-4940-9b30-bcb70499672c,user328@example.com,accelerator,Ukraine,Industrial Property,fancy_username,INR,,N/A,₹3999,$59.99,₹0,$0,0,REF73001,₹0.00,$0.00,₹0.00,₹0.00,$0.00,$0.00,328,93.71%,0.00,Beginner,2025-11-12T20:27:29.814728Z,verified
329,db1addad-7a16-4910-9d6a-6a2d60606ebb,user329@example.com,professional,Sao Tome and Principe,Ophthalmology,real_name,INR,DesignHub Creative,N/A,₹3999,$59.99,₹0,$0,0,REF23276,₹799.80,$12.00,₹399.90,₹399.90,$6.00,$6.00,329,94.0%,0.00,Beginner,2025-10-28T03:27:29.814781Z,verified
330,61a1dc51-9bbd-4b1d-ac2e-20a63bf0fc59,user330@example.com,angel,Guinea-Bissau,Nutrition & Diet,real_name,INR,,N/A,₹3999,$59.99,₹5000,$60.24,0,REF57214,₹799.80,$12.00,₹399.90,₹399.90,$6.00,$6.00,330,94.29%,5.00,Beginner,2025-12-11T17:27:29.814841Z,pending
331,d547eb28-077d-44ea-b053-3940df041160,user331@example.com,professional,Bulgaria,Quantum Computing,real_name,INR,MusicStream Plus,N/A,₹3999,$59.99,₹0,$0,0,REF56861,₹799.80,$12.00,₹399.90,₹399.90,$6.00,$6.00,331,94.57%,0.00,Beginner,2025-12-03T16:27:29.814911Z,pending
332,470738ce-261c-4bb4-9956-eb5ef20c6021,user332@example.com,professional,Lithuania,Stock Trading,real_name,INR,FarmTech Innovations,N/A,₹3999,$59.99,₹0,$0,0,REF60556,₹0.00,$0.00,₹0.00,₹0.00,$0.00,$0.00,332,94.86%,0.00,Beginner,2025-11-14T18:27:29.814969Z,pending
333,e888dce6-e182-486b-9958-5373fcaf81f6,user333@example.com,mentor,Cameroon,Cybersecurity,anonymous,INR,,N/A,₹3999,$59.99,₹5000,$60.24,30,REF64529,₹799.80,$12.00,₹399.90,₹399.90,$6.00,$6.00,333,95.14%,35.00,Beginner,2025-12-03T23:27:29.815021Z,verified
334,c5e0071f-3fc7-4e07-83f1-fb2912bc3806,user334@example.com,mentor,Somalia,Tour & Activity Booking,fancy_username,INR,,N/A,₹3999,$59.99,₹5000,$60.24,7,REF73318,₹799.80,$12.00,₹399.90,₹399.90,$6.00,$6.00,334,95.43%,12.00,Beginner,2025-10-28T22:27:29.815080Z,pending
335,230cdabd-4bfd-403c-829c-8f26e6123bc4,user335@example.com,professional,Guinea,Payment Processing,real_name,INR,PodcastPro Network,N/A,₹3999,$59.99,₹2000,$24.10,0,REF78039,₹0.00,$0.00,₹0.00,₹0.00,$0.00,$0.00,335,95.71%,2.00,Beginner,2025-10-19T16:27:29.815140Z,verified
336,50e4bd12-53e0-43b1-8b71-830987e66b0e,sam_336@startup.io,ngo,Laos,Flight Booking,real_name,INR,,N/A,₹3999,$59.99,₹0,$0,0,REF76265,₹799.80,$12.00,₹399.90,₹399.90,$6.00,$6.00,336,96.0%,0.00,Beginner,2025-10-15T21:27:29.815251Z,pending
337,ee24a397-0a73-4974-9b2c-72dc11c6b464,user337@example.com,professional,Zimbabwe,Dentistry,fancy_username,INR,DesignHub Creative,N/A,₹3999,$59.99,₹0,$0,0,REF76444,₹0.00,$0.00,₹0.00,₹0.00,$0.00,$0.00,337,96.29%,0.00,Beginner,2025-11-27T01:27:29.815322Z,pending
338,3a75767e-e669-4952-a130-14c84c20bbba,user338@example.com,vc,Bosnia and Herzegovina,Fitness Classes,fancy_username,USD,,N/A,₹3999,$59.99,₹0,$0,0,REF51426,₹0.00,$0.00,₹0.00,₹0.00,$0.00,$0.00,338,96.57%,0.00,Beginner,2025-11-12T12:27:29.815378Z,pending
339,76ae30d2-125f-4f35-9c7d-358d8f534380,user339@example.com,startup,Burundi,Warehouse Space,fancy_username,INR,ContentFlow Media,Series A,₹3999,$59.99,₹0,$0,40,REF89194,₹799.80,$12.00,₹399.90,₹399.90,$6.00,$6.00,339,96.86%,40.00,Beginner,2025-12-14T00:27:29.815436Z,verified
340,c251feed-ae41-4d13-b4db-4211699666dc,user340@example.com,accelerator,Libya,Virtual & Augmented Reality,real_name,USD,,N/A,₹3999,$59.99,₹0,$0,42,REF88636,₹0.00,$0.00,₹0.00,₹0.00,$0.00,$0.00,340,97.14%,42.00,Beginner,2025-10-25T07:27:29.815499Z,pending
341,b3634971-4a51-47d5-a5ae-d3634a51e2b4,user341@example.com,professional,Bulgaria,News & Journalism,real_name,USD,PodcastPro Network,N/A,₹3999,$59.99,₹0,$0,0,REF81786,₹0.00,$0.00,₹0.00,₹0.00,$0.00,$0.00,341,97.43%,0.00,Beginner,2025-11-03T17:27:29.815552Z,verified
342,2336bad8-b627-439e-a857-fa6d9dc59934,sam_342@startup.io,ngo,Colombia,Industrial Property,real_name,USD,,N/A,₹3999,$59.99,₹0,$0,0,REF61497,₹0.00,$0.00,₹0.00,₹0.00,$0.00,$0.00,342,97.71%,0.00,Beginner,2025-12-01T23:27:29.815614Z,verified
343,118772c2-0f8f-48f3-aa5c-627c8288f8fc,user343@example.com,professional,Mexico,Quantum Computing,anonymous,INR,FinServe Pro,N/A,₹3999,$59.99,₹500,$6.02,0,REF87242,₹799.80,$12.00,₹399.90,₹399.90,$6.00,$6.00,343,98.0%,0.50,Beginner,2025-11-14T05:27:29.815787Z,pending
344,9c33a202-dd62-4eaf-8f05-616896b96998,alex_344@startup.io,service_provider,Mongolia,Skincare,anonymous,INR,,N/A,₹3999,$59.99,₹0,$0,0,REF26827,₹0.00,$0.00,₹0.00,₹0.00,$0.00,$0.00,344,98.29%,0.00,Beginner,2025-12-02T03:27:29.815866Z,verified
345,79e1ddd1-4675-4ea0-b939-e8e2289da0ba,user345@example.com,accelerator,Palestine,Flight Booking,fancy_username,INR,,N/A,₹3999,$59.99,₹0,$0,8,REF69355,₹799.80,$12.00,₹399.90,₹399.90,$6.00,$6.00,345,98.57%,8.00,Beginner,2025-11-22T17:27:29.815923Z,pending
346,b11a2332-7e19-4773-9202-092717cd4c68,user346@example.com,service_provider,Iraq,Legal Services,fancy_username,INR,,N/A,₹3999,$59.99,₹0,$0,0,REF48086,₹0.00,$0.00,₹0.00,₹0.00,$0.00,$0.00,346,98.86%,0.00,Beginner,2025-11-04T04:27:29.815989Z,verified
347,ca8704bf-ce6b-4557-b340-5b58d3e71c16,sam_347@startup.io,service_provider,Romania,Accounting & Bookkeeping,anonymous,INR,,N/A,₹3999,$59.99,₹1000,$12.05,0,REF84794,₹799.80,$12.00,₹399.90,₹399.90,$6.00,$6.00,347,99.14%,1.00,Beginner,2025-11-13T08:27:29.816044Z,verified
348,343dd236-a5d4-4bb7-99d6-2f3364d0ac38,user348@example.com,service_provider,India,Plumbing,real_name,INR,,N/A,₹3999,$59.99,₹0,$0,0,REF97851,₹0.00,$0.00,₹0.00,₹0.00,$0.00,$0.00,348,99.43%,0.00,Beginner,2025-12-05T01:27:29.816111Z,pending
349,5831d9a7-cfc9-4ff5-9423-c1fe583b47eb,user349@example.com,mentor,India,University Tech,real_name,INR,,N/A,₹3999,$59.99,₹0,$0,28,REF80932,₹0.00,$0.00,₹0.00,₹0.00,$0.00,$0.00,349,99.71%,28.00,Beginner,2025-11-25T20:27:29.816160Z,verified
350,344393f6-a387-4cf0-91b3-11d214dec5ac,user350@example.com,service_provider,France,Tax Planning,fancy_username,INR,,N/A,₹3999,$59.99,₹0,$0,0,REF47701,₹0.00,$0.00,₹0.00,₹0.00,$0.00,$0.00,350,100.0%,0.00,Beginner,2025-10-24T04:27:29.816273Z,verified
